Entity,Code,Year,"Energy imports, net (% of energy use)"
Albania,ALB,1990,6.4206004
Albania,ALB,1991,-3.4848988
Albania,ALB,1992,-3.3818123
Albania,ALB,1993,0.16870973
Albania,ALB,1994,3.5346718
Albania,ALB,1995,6.636723
Albania,ALB,1996,6.2928233
Albania,ALB,1997,8.699426
Albania,ALB,1998,16.285975
Albania,ALB,1999,42.023754
Albania,ALB,2000,46.518154
Albania,ALB,2001,53.182774
Albania,ALB,2002,54.02541
Albania,ALB,2003,51.55677
Albania,ALB,2004,48.369835
Albania,ALB,2005,50.5736
Albania,ALB,2006,41.24001
Albania,ALB,2007,49.34987
Albania,ALB,2008,50.062004
Albania,ALB,2009,46.41059
Albania,ALB,2010,28.962214
Albania,ALB,2011,35.894768
Albania,ALB,2012,15.717287
Albania,ALB,2013,25.200422
Albania,ALB,2014,28.911953
Albania,ALB,2015,12.696462
Albania,ALB,2016,20.272354
Albania,ALB,2017,38.8336
Albania,ALB,2018,21.269487
Albania,ALB,2019,32.231804
Albania,ALB,2020,36.46998
Albania,ALB,2021,24.117752
Albania,ALB,2022,32.276398
Algeria,DZA,1990,-348.57895
Algeria,DZA,1991,-334.6042
Algeria,DZA,1992,-331.51782
Algeria,DZA,1993,-331.86942
Algeria,DZA,1994,-330.51715
Algeria,DZA,1995,-338.13818
Algeria,DZA,1996,-377.43372
Algeria,DZA,1997,-403.6896
Algeria,DZA,1998,-407.93842
Algeria,DZA,1999,-411.8665
Algeria,DZA,2000,-425.82828
Algeria,DZA,2001,-406.35596
Algeria,DZA,2002,-391.5575
Algeria,DZA,2003,-401.85754
Algeria,DZA,2004,-405.2957
Algeria,DZA,2005,-412.443
Algeria,DZA,2006,-373.28934
Algeria,DZA,2007,-346.1207
Algeria,DZA,2008,-331.68216
Algeria,DZA,2009,-273.86865
Algeria,DZA,2010,-268.12384
Algeria,DZA,2011,-243.48576
Algeria,DZA,2012,-209.6286
Algeria,DZA,2013,-186.27162
Algeria,DZA,2014,-171.45978
Algeria,DZA,2015,-158.92567
Algeria,DZA,2016,-178.80978
Algeria,DZA,2017,-169.87921
Algeria,DZA,2018,-152.18073
Algeria,DZA,2019,-133.35275
Algeria,DZA,2020,-125.09489
Algeria,DZA,2021,-137.10304
Algeria,DZA,2022,-127.11695
Angola,AGO,1990,-381.65005
Angola,AGO,1991,-392.00095
Angola,AGO,1992,-432.81888
Angola,AGO,1993,-378.0075
Angola,AGO,1994,-402.65414
Angola,AGO,1995,-461.618
Angola,AGO,1996,-493.92883
Angola,AGO,1997,-515.62024
Angola,AGO,1998,-547.7561
Angola,AGO,1999,-522.047
Angola,AGO,2000,-546.64496
Angola,AGO,2001,-487.01425
Angola,AGO,2002,-575.4543
Angola,AGO,2003,-520.181
Angola,AGO,2004,-590.3533
Angola,AGO,2005,-812.8839
Angola,AGO,2006,-818.58984
Angola,AGO,2007,-905.05133
Angola,AGO,2008,-910.83594
Angola,AGO,2009,-775.82135
Angola,AGO,2010,-745.52454
Angola,AGO,2011,-646.0217
Angola,AGO,2012,-604.1832
Angola,AGO,2013,-608.40674
Angola,AGO,2014,-637.7303
Angola,AGO,2015,-568.891
Angola,AGO,2016,-599.54333
Angola,AGO,2017,-564.3849
Angola,AGO,2018,-558.35077
Angola,AGO,2019,-488.93283
Angola,AGO,2020,-474.84656
Angola,AGO,2021,-373.79663
Angola,AGO,2022,-353.97183
Argentina,ARG,1990,-4.0712595
Argentina,ARG,1991,-3.8545468
Argentina,ARG,1992,-7.142339
Argentina,ARG,1993,-10.783483
Argentina,ARG,1994,-16.9971
Argentina,ARG,1995,-23.342176
Argentina,ARG,1996,-28.306974
Argentina,ARG,1997,-31.273289
Argentina,ARG,1998,-30.1989
Argentina,ARG,1999,-30.411482
Argentina,ARG,2000,-33.842834
Argentina,ARG,2001,-44.4658
Argentina,ARG,2002,-44.631023
Argentina,ARG,2003,-40.307735
Argentina,ARG,2004,-28.031841
Argentina,ARG,2005,-24.036959
Argentina,ARG,2006,-18.716217
Argentina,ARG,2007,-8.758409
Argentina,ARG,2008,-6.2618365
Argentina,ARG,2009,-7.6558714
Argentina,ARG,2010,-2.4021676
Argentina,ARG,2011,7.2374167
Argentina,ARG,2012,8.114399
Argentina,ARG,2013,13.986218
Argentina,ARG,2014,14.06781
Argentina,ARG,2015,13.547781
Argentina,ARG,2016,11.999369
Argentina,ARG,2017,13.218915
Argentina,ARG,2018,8.608755
Argentina,ARG,2019,2.491677
Argentina,ARG,2020,1.243273
Argentina,ARG,2021,5.973853
Argentina,ARG,2022,1.971472
Armenia,ARM,1990,100.6559
Armenia,ARM,1992,97.039696
Armenia,ARM,1997,71.48574
Armenia,ARM,1998,71.645004
Armenia,ARM,1999,65.30806
Armenia,ARM,2000,71.19114
Armenia,ARM,2001,72.56534
Armenia,ARM,2002,62.98479
Armenia,ARM,2003,65.86986
Armenia,ARM,2004,65.68617
Armenia,ARM,2005,67.23704
Armenia,ARM,2006,68.02479
Armenia,ARM,2007,72.809235
Armenia,ARM,2008,75.140114
Armenia,ARM,2009,69.25625
Armenia,ARM,2010,69.64011
Armenia,ARM,2011,69.01801
Armenia,ARM,2012,74.34038
Armenia,ARM,2013,73.68226
Armenia,ARM,2014,71.659225
Armenia,ARM,2015,67.62932
Armenia,ARM,2016,68.24481
Armenia,ARM,2017,68.96057
Armenia,ARM,2018,72.73177
Armenia,ARM,2019,74.170784
Armenia,ARM,2020,74.14727
Armenia,ARM,2021,78.90452
Armenia,ARM,2022,76.87211
Australia,AUS,1990,-74.90342
Australia,AUS,1991,-93.63758
Australia,AUS,1992,-95.915184
Australia,AUS,1993,-92.36603
Australia,AUS,1994,-91.37428
Australia,AUS,1995,-96.45163
Australia,AUS,1996,-91.09092
Australia,AUS,1997,-100.7275
Australia,AUS,1998,-107.39021
Australia,AUS,1999,-103.45437
Australia,AUS,2000,-117.60269
Australia,AUS,2001,-126.51362
Australia,AUS,2002,-130.62418
Australia,AUS,2003,-125.2887
Australia,AUS,2004,-125.87203
Australia,AUS,2005,-131.07466
Australia,AUS,2006,-123.80691
Australia,AUS,2007,-127.76429
Australia,AUS,2008,-123.53461
Australia,AUS,2009,-128.47662
Australia,AUS,2010,-146.70834
Australia,AUS,2011,-141.94293
Australia,AUS,2012,-149.19537
Australia,AUS,2013,-164.69177
Australia,AUS,2014,-185.55579
Australia,AUS,2015,-197.38684
Australia,AUS,2016,-206.23026
Australia,AUS,2017,-205.70692
Australia,AUS,2018,-211.93773
Australia,AUS,2019,-226.59326
Australia,AUS,2020,-232.94992
Australia,AUS,2021,-227.94225
Australia,AUS,2022,-236.75725
Australia,AUS,2023,-208.4829
Austria,AUT,1990,69.792465
Austria,AUT,1991,67.89654
Austria,AUT,1992,69.79605
Austria,AUT,1993,67.02553
Austria,AUT,1994,66.44797
Austria,AUT,1995,67.68859
Austria,AUT,1996,70.855774
Austria,AUT,1997,68.783295
Austria,AUT,1998,71.66523
Austria,AUT,1999,66.63348
Austria,AUT,2000,66.900314
Austria,AUT,2001,66.27267
Austria,AUT,2002,69.18097
Austria,AUT,2003,72.07286
Austria,AUT,2004,72.73602
Austria,AUT,2005,73.39595
Austria,AUT,2006,73.793045
Austria,AUT,2007,70.17256
Austria,AUT,2008,70.47707
Austria,AUT,2009,66.71039
Austria,AUT,2010,64.315575
Austria,AUT,2011,71.89276
Austria,AUT,2012,65.520584
Austria,AUT,2013,62.883564
Austria,AUT,2014,67.488884
Austria,AUT,2015,62.14742
Austria,AUT,2016,64.113785
Austria,AUT,2017,65.94638
Austria,AUT,2018,66.52578
Austria,AUT,2019,74.47628
Austria,AUT,2020,59.767742
Austria,AUT,2021,53.172104
Austria,AUT,2022,77.11168
Austria,AUT,2023,63.709446
Azerbaijan,AZE,1990,12.230552
Azerbaijan,AZE,1991,16.273306
Azerbaijan,AZE,1992,3.9842958
Azerbaijan,AZE,1993,-1.722153
Azerbaijan,AZE,1994,1.8865854
Azerbaijan,AZE,1995,-15.161915
Azerbaijan,AZE,1996,-21.134066
Azerbaijan,AZE,1997,-23.142723
Azerbaijan,AZE,1998,-33.571434
Azerbaijan,AZE,1999,-72.32346
Azerbaijan,AZE,2000,-65.86262
Azerbaijan,AZE,2001,-68.858086
Azerbaijan,AZE,2002,-71.88858
Azerbaijan,AZE,2003,-61.70635
Azerbaijan,AZE,2004,-55.178726
Azerbaijan,AZE,2005,-93.95169
Azerbaijan,AZE,2006,-182.88922
Azerbaijan,AZE,2007,-323.14755
Azerbaijan,AZE,2008,-326.67337
Azerbaijan,AZE,2009,-425.32074
Azerbaijan,AZE,2010,-457.06934
Azerbaijan,AZE,2011,-377.9802
Azerbaijan,AZE,2012,-326.99963
Azerbaijan,AZE,2013,-326.52808
Azerbaijan,AZE,2014,-312.69974
Azerbaijan,AZE,2015,-311.3727
Azerbaijan,AZE,2016,-307.15744
Azerbaijan,AZE,2017,-278.23587
Azerbaijan,AZE,2018,-286.42023
Azerbaijan,AZE,2019,-272.93164
Azerbaijan,AZE,2020,-273.07916
Azerbaijan,AZE,2021,-285.37784
Azerbaijan,AZE,2022,-261.8021
Bahrain,BHR,1990,-154.67004
Bahrain,BHR,1991,-156.1239
Bahrain,BHR,1992,-143.14575
Bahrain,BHR,1993,-143.38118
Bahrain,BHR,1994,-125.45981
Bahrain,BHR,1995,-129.20065
Bahrain,BHR,1996,-126.63248
Bahrain,BHR,1997,-118.84261
Bahrain,BHR,1998,-114.743774
Bahrain,BHR,1999,-106.17925
Bahrain,BHR,2000,-97.825584
Bahrain,BHR,2001,-97.38321
Bahrain,BHR,2002,-94.19561
Bahrain,BHR,2003,-88.23143
Bahrain,BHR,2004,-80.53436
Bahrain,BHR,2005,-60.627316
Bahrain,BHR,2006,-60.115303
Bahrain,BHR,2007,-53.528027
Bahrain,BHR,2008,-45.86659
Bahrain,BHR,2009,-54.728336
Bahrain,BHR,2010,-53.407055
Bahrain,BHR,2011,-58.314693
Bahrain,BHR,2012,-56.775093
Bahrain,BHR,2013,-54.383118
Bahrain,BHR,2014,-65.71838
Bahrain,BHR,2015,-57.361736
Bahrain,BHR,2016,-57.290188
Bahrain,BHR,2017,-56.80998
Bahrain,BHR,2018,-53.600544
Bahrain,BHR,2019,-53.430626
Bahrain,BHR,2020,-51.90139
Bahrain,BHR,2021,-50.226334
Bahrain,BHR,2022,-45.475132
Bangladesh,BGD,1990,16.925278
Bangladesh,BGD,1991,14.567511
Bangladesh,BGD,1992,14.098282
Bangladesh,BGD,1993,13.953878
Bangladesh,BGD,1994,15.285043
Bangladesh,BGD,2000,17.650915
Bangladesh,BGD,2001,21.103895
Bangladesh,BGD,2002,19.706219
Bangladesh,BGD,2003,19.928574
Bangladesh,BGD,2004,17.792065
Bangladesh,BGD,2005,17.909554
Bangladesh,BGD,2006,16.110348
Bangladesh,BGD,2007,15.8299465
Bangladesh,BGD,2008,15.4943285
Bangladesh,BGD,2009,14.740472
Bangladesh,BGD,2010,14.454454
Bangladesh,BGD,2011,17.464638
Bangladesh,BGD,2012,18.355917
Bangladesh,BGD,2013,17.964054
Bangladesh,BGD,2014,19.628963
Bangladesh,BGD,2015,20.40021
Bangladesh,BGD,2016,21.671915
Bangladesh,BGD,2017,23.88997
Bangladesh,BGD,2018,24.574116
Bangladesh,BGD,2019,30.297495
Bangladesh,BGD,2020,34.46204
Bangladesh,BGD,2021,39.59007
Bangladesh,BGD,2022,44.307026
Belarus,BLR,1990,92.70926
Belarus,BLR,1991,90.300896
Belarus,BLR,1992,88.688385
Belarus,BLR,1993,87.92198
Belarus,BLR,1994,84.808
Belarus,BLR,1995,87.14791
Belarus,BLR,1996,83.381676
Belarus,BLR,1997,88.34813
Belarus,BLR,1998,86.19648
Belarus,BLR,1999,84.29006
Belarus,BLR,2000,85.491585
Belarus,BLR,2001,84.92221
Belarus,BLR,2002,84.34055
Belarus,BLR,2003,85.23584
Belarus,BLR,2004,86.59408
Belarus,BLR,2005,85.39602
Belarus,BLR,2006,86.22452
Belarus,BLR,2007,84.71559
Belarus,BLR,2008,87.75087
Belarus,BLR,2009,83.53417
Belarus,BLR,2010,84.979706
Belarus,BLR,2011,84.146164
Belarus,BLR,2012,87.24661
Belarus,BLR,2013,86.72689
Belarus,BLR,2014,87.76738
Belarus,BLR,2015,84.95993
Belarus,BLR,2016,83.313866
Belarus,BLR,2017,84.89404
Belarus,BLR,2018,86.02815
Belarus,BLR,2019,85.25554
Belarus,BLR,2020,83.84123
Belarus,BLR,2021,78.289955
Belarus,BLR,2022,77.07995
Belgium,BEL,1990,83.0368
Belgium,BEL,1991,84.76499
Belgium,BEL,1992,85.76162
Belgium,BEL,1993,84.53652
Belgium,BEL,1994,87.12084
Belgium,BEL,1995,88.08694
Belgium,BEL,1996,88.32285
Belgium,BEL,1997,86.88781
Belgium,BEL,1998,90.17311
Belgium,BEL,1999,85.06996
Belgium,BEL,2000,87.21996
Belgium,BEL,2001,89.760925
Belgium,BEL,2002,88.5769
Belgium,BEL,2003,91.44045
Belgium,BEL,2004,91.7686
Belgium,BEL,2005,91.87327
Belgium,BEL,2006,92.46611
Belgium,BEL,2007,91.14284
Belgium,BEL,2008,95.950874
Belgium,BEL,2009,86.60284
Belgium,BEL,2010,89.22623
Belgium,BEL,2011,86.635864
Belgium,BEL,2012,86.215195
Belgium,BEL,2013,87.22502
Belgium,BEL,2014,89.60778
Belgium,BEL,2015,95.179504
Belgium,BEL,2016,86.151764
Belgium,BEL,2017,86.8687
Belgium,BEL,2018,99.60808
Belgium,BEL,2019,90.84595
Belgium,BEL,2020,88.93929
Belgium,BEL,2021,81.361755
Belgium,BEL,2022,86.74373
Belgium,BEL,2023,89.65344
Benin,BEN,1990,-5.5370283
Benin,BEN,1991,-5.979046
Benin,BEN,1992,-2.1444461
Benin,BEN,1993,-2.7405028
Benin,BEN,1994,-1.2102954
Benin,BEN,1995,0.95287347
Benin,BEN,1996,11.500838
Benin,BEN,1997,16.260529
Benin,BEN,1998,16.957243
Benin,BEN,1999,23.283169
Benin,BEN,2000,28.09771
Benin,BEN,2001,29.872469
Benin,BEN,2002,31.955105
Benin,BEN,2003,34.470608
Benin,BEN,2004,35.08942
Benin,BEN,2005,35.84704
Benin,BEN,2006,39.1079
Benin,BEN,2007,41.801796
Benin,BEN,2008,42.25652
Benin,BEN,2009,44.71661
Benin,BEN,2010,49.305668
Benin,BEN,2019,46.04164
Benin,BEN,2020,46.63362
Benin,BEN,2021,42.75676
Benin,BEN,2022,40.90317
Bolivia,BOL,1990,-91.59074
Bolivia,BOL,1991,-90.81811
Bolivia,BOL,1992,-80.38942
Bolivia,BOL,1993,-72.951
Bolivia,BOL,1994,-69.00595
Bolivia,BOL,1995,-55.167435
Bolivia,BOL,1996,-42.702087
Bolivia,BOL,1997,-27.67875
Bolivia,BOL,1998,-26.188833
Bolivia,BOL,1999,-18.291124
Bolivia,BOL,2000,-49.65056
Bolivia,BOL,2001,-82.38244
Bolivia,BOL,2002,-73.49017
Bolivia,BOL,2003,-94.16115
Bolivia,BOL,2004,-145.62146
Bolivia,BOL,2005,-163.59352
Bolivia,BOL,2006,-171.32397
Bolivia,BOL,2007,-180.9114
Bolivia,BOL,2008,-183.61035
Bolivia,BOL,2009,-136.60464
Bolivia,BOL,2010,-148.35164
Bolivia,BOL,2011,-148.43925
Bolivia,BOL,2012,-160.63805
Bolivia,BOL,2013,-191.99225
Bolivia,BOL,2014,-179.20045
Bolivia,BOL,2015,-174.58383
Bolivia,BOL,2016,-149.60013
Bolivia,BOL,2017,-132.55609
Bolivia,BOL,2018,-114.95634
Bolivia,BOL,2019,-90.754166
Bolivia,BOL,2020,-119.86122
Bolivia,BOL,2021,-95.16705
Bolivia,BOL,2022,-67.33391
Bosnia and Herzegovina,BIH,1991,31.900269
Bosnia and Herzegovina,BIH,1992,18.497978
Bosnia and Herzegovina,BIH,1993,16.435434
Bosnia and Herzegovina,BIH,1994,49.74951
Bosnia and Herzegovina,BIH,1995,47.875572
Bosnia and Herzegovina,BIH,1996,38.67798
Bosnia and Herzegovina,BIH,1997,21.845776
Bosnia and Herzegovina,BIH,1998,24.300499
Bosnia and Herzegovina,BIH,1999,22.353237
Bosnia and Herzegovina,BIH,2000,29.020878
Bosnia and Herzegovina,BIH,2001,27.590971
Bosnia and Herzegovina,BIH,2002,24.696444
Bosnia and Herzegovina,BIH,2003,21.053003
Bosnia and Herzegovina,BIH,2004,25.547924
Bosnia and Herzegovina,BIH,2005,27.468664
Bosnia and Herzegovina,BIH,2006,26.357676
Bosnia and Herzegovina,BIH,2007,30.647442
Bosnia and Herzegovina,BIH,2008,29.036343
Bosnia and Herzegovina,BIH,2009,30.577303
Bosnia and Herzegovina,BIH,2010,31.196081
Bosnia and Herzegovina,BIH,2011,33.994827
Bosnia and Herzegovina,BIH,2012,33.294502
Bosnia and Herzegovina,BIH,2013,29.722408
Bosnia and Herzegovina,BIH,2014,28.212706
Bosnia and Herzegovina,BIH,2015,33.7089
Bosnia and Herzegovina,BIH,2016,31.559986
Bosnia and Herzegovina,BIH,2017,34.076435
Bosnia and Herzegovina,BIH,2018,24.281115
Bosnia and Herzegovina,BIH,2019,27.394096
Bosnia and Herzegovina,BIH,2020,25.393446
Bosnia and Herzegovina,BIH,2021,27.180586
Bosnia and Herzegovina,BIH,2022,26.368061
Botswana,BWA,2010,47.927467
Botswana,BWA,2011,50.519592
Botswana,BWA,2012,46.85463
Botswana,BWA,2013,45.521194
Botswana,BWA,2014,37.33596
Botswana,BWA,2015,34.929684
Botswana,BWA,2016,36.345924
Botswana,BWA,2017,31.89868
Botswana,BWA,2018,30.949013
Botswana,BWA,2019,33.186237
Botswana,BWA,2020,30.85959
Botswana,BWA,2021,30.18162
Botswana,BWA,2022,23.681778
Brazil,BRA,1990,27.92239
Brazil,BRA,1991,27.826399
Brazil,BRA,1992,27.48925
Brazil,BRA,1993,30.851938
Brazil,BRA,1994,30.023153
Brazil,BRA,1995,29.918804
Brazil,BRA,1996,32.020565
Brazil,BRA,1997,31.060068
Brazil,BRA,1998,28.442663
Brazil,BRA,1999,25.482916
Brazil,BRA,2000,23.641203
Brazil,BRA,2001,21.066973
Brazil,BRA,2002,15.693066
Brazil,BRA,2003,12.650434
Brazil,BRA,2004,14.987124
Brazil,BRA,2005,11.709392
Brazil,BRA,2006,9.424874
Brazil,BRA,2007,10.767269
Brazil,BRA,2008,10.990323
Brazil,BRA,2009,6.635986
Brazil,BRA,2010,9.50734
Brazil,BRA,2011,10.750173
Brazil,BRA,2012,12.172739
Brazil,BRA,2013,15.80411
Brazil,BRA,2014,14.281473
Brazil,BRA,2015,8.698139
Brazil,BRA,2016,2.7665627
Brazil,BRA,2017,1.2493052
Brazil,BRA,2018,-0.7096561
Brazil,BRA,2019,-3.9458017
Brazil,BRA,2020,-11.049775
Brazil,BRA,2021,-3.7305162
Brazil,BRA,2022,-7.1893396
Brazil,BRA,2023,-13.572125
Brunei,BRN,1990,-799.8963
Brunei,BRN,1991,-737.4754
Brunei,BRN,1992,-725.03186
Brunei,BRN,1993,-746.8558
Brunei,BRN,1994,-830.2639
Brunei,BRN,1995,-703.38574
Brunei,BRN,1996,-679.12634
Brunei,BRN,1997,-635.27576
Brunei,BRN,1998,-628.173
Brunei,BRN,1999,-674.54694
Brunei,BRN,2000,-725.65393
Brunei,BRN,2001,-790.4093
Brunei,BRN,2002,-833.7776
Brunei,BRN,2003,-739.1434
Brunei,BRN,2004,-793.8699
Brunei,BRN,2005,-839.5452
Brunei,BRN,2006,-604.86444
Brunei,BRN,2007,-539.09717
Brunei,BRN,2008,-488.9167
Brunei,BRN,2009,-511.8917
Brunei,BRN,2010,-472.22803
Brunei,BRN,2011,-376.26828
Brunei,BRN,2012,-378.75656
Brunei,BRN,2013,-453.06912
Brunei,BRN,2014,-351.38074
Brunei,BRN,2015,-486.2358
Brunei,BRN,2016,-405.0918
Brunei,BRN,2017,-332.169
Brunei,BRN,2018,-339.5789
Brunei,BRN,2019,-266.99692
Brunei,BRN,2020,-245.56381
Brunei,BRN,2021,-228.68024
Brunei,BRN,2022,-172.55263
Bulgaria,BGR,1990,64.13619
Bulgaria,BGR,1991,64.52799
Bulgaria,BGR,1992,58.002254
Bulgaria,BGR,1993,60.34023
Bulgaria,BGR,1994,56.82267
Bulgaria,BGR,1995,58.77507
Bulgaria,BGR,1996,57.43798
Bulgaria,BGR,1997,51.7156
Bulgaria,BGR,1998,50.531982
Bulgaria,BGR,1999,48.712723
Bulgaria,BGR,2000,46.864952
Bulgaria,BGR,2001,46.675434
Bulgaria,BGR,2002,47.421177
Bulgaria,BGR,2003,47.428642
Bulgaria,BGR,2004,49.060097
Bulgaria,BGR,2005,48.08008
Bulgaria,BGR,2006,46.86486
Bulgaria,BGR,2007,51.989494
Bulgaria,BGR,2008,53.00498
Bulgaria,BGR,2009,46.382607
Bulgaria,BGR,2010,40.85265
Bulgaria,BGR,2011,37.237484
Bulgaria,BGR,2012,37.35796
Bulgaria,BGR,2013,39.057957
Bulgaria,BGR,2014,35.722748
Bulgaria,BGR,2015,37.135727
Bulgaria,BGR,2016,39.33336
Bulgaria,BGR,2017,40.262524
Bulgaria,BGR,2018,37.369244
Bulgaria,BGR,2019,39.326748
Bulgaria,BGR,2020,38.922565
Bulgaria,BGR,2021,36.900784
Bulgaria,BGR,2022,37.974834
Cambodia,KHM,2020,60.5868
Cambodia,KHM,2021,58.93131
Cameroon,CMR,1990,-122.147316
Cameroon,CMR,1991,-114.05853
Cameroon,CMR,1992,-112.07999
Cameroon,CMR,1993,-97.98822
Cameroon,CMR,1994,-89.59745
Cameroon,CMR,1995,-76.60786
Cameroon,CMR,1996,-77.330025
Cameroon,CMR,1997,-82.9128
Cameroon,CMR,1998,-86.7051
Cameroon,CMR,1999,-80.50566
Cameroon,CMR,2000,-75.23112
Cameroon,CMR,2001,-65.99306
Cameroon,CMR,2002,-65.53435
Cameroon,CMR,2003,-57.267994
Cameroon,CMR,2004,-51.69294
Cameroon,CMR,2005,-48.45375
Cameroon,CMR,2006,-51.02466
Cameroon,CMR,2007,-48.75326
Cameroon,CMR,2008,-48.308926
Cameroon,CMR,2009,-31.552408
Cameroon,CMR,2010,-23.200884
Cameroon,CMR,2011,-13.258851
Cameroon,CMR,2012,-15.07492
Cameroon,CMR,2013,-18.26282
Cameroon,CMR,2014,-19.664629
Cameroon,CMR,2015,-27.961788
Cameroon,CMR,2016,-27.952799
Cameroon,CMR,2017,-20.564835
Cameroon,CMR,2018,-24.050146
Cameroon,CMR,2019,-31.903383
Cameroon,CMR,2020,-31.243404
Cameroon,CMR,2021,-29.763199
Cameroon,CMR,2022,-28.712685
Canada,CAN,1990,-28.04378
Canada,CAN,1991,-36.187717
Canada,CAN,1992,-38.81517
Canada,CAN,1993,-42.06875
Canada,CAN,1994,-46.21377
Canada,CAN,1995,-51.108913
Canada,CAN,1996,-50.45538
Canada,CAN,1997,-50.481007
Canada,CAN,1998,-52.154312
Canada,CAN,1999,-49.89485
Canada,CAN,2000,-50.61408
Canada,CAN,2001,-51.81652
Canada,CAN,2002,-54.79928
Canada,CAN,2003,-49.299763
Canada,CAN,2004,-50.423717
Canada,CAN,2005,-48.003292
Canada,CAN,2006,-50.45695
Canada,CAN,2007,-54.627407
Canada,CAN,2008,-52.835114
Canada,CAN,2009,-52.95168
Canada,CAN,2010,-55.18628
Canada,CAN,2011,-56.33664
Canada,CAN,2012,-59.80391
Canada,CAN,2013,-65.76349
Canada,CAN,2014,-66.76458
Canada,CAN,2015,-68.49737
Canada,CAN,2016,-69.18708
Canada,CAN,2017,-71.809814
Canada,CAN,2018,-74.97303
Canada,CAN,2019,-75.859505
Canada,CAN,2020,-79.80097
Canada,CAN,2021,-85.554504
Canada,CAN,2022,-87.69498
Canada,CAN,2023,-87.19172
Chad,TCD,2000,3.1943429
Chad,TCD,2001,3.7381818
Chad,TCD,2002,4.520088
Chad,TCD,2003,-72.14256
Chad,TCD,2004,-378.63452
Chad,TCD,2005,-370.7936
Chad,TCD,2006,-325.09213
Chad,TCD,2007,-290.73117
Chad,TCD,2008,-248.33325
Chad,TCD,2009,-217.45833
Chad,TCD,2010,-225.61287
Chad,TCD,2011,-183.96185
Chad,TCD,2012,-117.29275
Chad,TCD,2013,-132.26488
Chad,TCD,2017,-157.66185
Chad,TCD,2018,-171.72708
Chad,TCD,2019,-204.99155
Chad,TCD,2020,-203.00917
Chad,TCD,2021,-176.63058
Chad,TCD,2022,-177.76263
Chile,CHL,1990,50.14542
Chile,CHL,1991,50.64631
Chile,CHL,1992,49.54687
Chile,CHL,1993,51.089245
Chile,CHL,1994,58.342136
Chile,CHL,1995,59.085297
Chile,CHL,1996,64.16937
Chile,CHL,1997,64.643814
Chile,CHL,1998,69.50548
Chile,CHL,1999,71.28162
Chile,CHL,2000,70.49404
Chile,CHL,2001,67.83655
Chile,CHL,2002,69.08404
Chile,CHL,2003,71.33377
Chile,CHL,2004,75.29682
Chile,CHL,2005,72.24625
Chile,CHL,2006,72.93396
Chile,CHL,2007,77.91174
Chile,CHL,2008,72.75009
Chile,CHL,2009,70.24359
Chile,CHL,2010,72.27045
Chile,CHL,2011,73.83118
Chile,CHL,2012,67.13843
Chile,CHL,2013,65.87156
Chile,CHL,2014,67.25083
Chile,CHL,2015,68.18478
Chile,CHL,2016,69.176895
Chile,CHL,2017,68.361
Chile,CHL,2018,67.66356
Chile,CHL,2019,69.22588
Chile,CHL,2020,66.71824
Chile,CHL,2021,68.86324
Chile,CHL,2022,66.48984
Chile,CHL,2023,63.540104
China,CHN,1990,-4.0102644
China,CHN,1991,-3.6024876
China,CHN,1992,-2.6477194
China,CHN,1993,-0.37086043
China,CHN,1994,-1.4798733
China,CHN,1995,-1.2542446
China,CHN,1996,-1.1305968
China,CHN,1997,0.6528266
China,CHN,1998,0.3070578
China,CHN,1999,1.2721925
China,CHN,2000,2.754653
China,CHN,2001,0.3071798
China,CHN,2002,1.4794544
China,CHN,2003,2.8105392
China,CHN,2004,5.9028673
China,CHN,2005,5.618321
China,CHN,2006,6.9736986
China,CHN,2007,7.9644246
China,CHN,2008,8.653415
China,CHN,2009,12.100953
China,CHN,2010,13.60988
China,CHN,2011,14.745846
China,CHN,2012,16.57605
China,CHN,2013,17.345352
China,CHN,2014,17.557384
China,CHN,2015,16.721401
China,CHN,2016,19.205925
China,CHN,2017,20.428228
China,CHN,2018,21.669651
China,CHN,2019,22.277266
China,CHN,2020,23.025318
China,CHN,2021,21.742813
China,CHN,2022,20.745499
Colombia,COL,1990,-89.27486
Colombia,COL,1991,-92.32993
Colombia,COL,1992,-80.86287
Colombia,COL,1993,-88.92318
Colombia,COL,1994,-86.105095
Colombia,COL,1995,-106.73597
Colombia,COL,1996,-125.49443
Colombia,COL,1997,-139.27357
Colombia,COL,1998,-157.1744
Colombia,COL,1999,-195.40335
Colombia,COL,2000,-183.11662
Colombia,COL,2001,-176.85945
Colombia,COL,2002,-171.42119
Colombia,COL,2003,-181.33368
Colombia,COL,2004,-192.72763
Colombia,COL,2005,-189.66106
Colombia,COL,2006,-198.79933
Colombia,COL,2007,-202.67752
Colombia,COL,2008,-206.8548
Colombia,COL,2009,-216.44727
Colombia,COL,2010,-245.91527
Colombia,COL,2011,-284.1845
Colombia,COL,2012,-308.77158
Colombia,COL,2013,-223.80397
Colombia,COL,2014,-237.43279
Colombia,COL,2015,-212.7697
Colombia,COL,2016,-201.1411
Colombia,COL,2017,-250.1076
Colombia,COL,2018,-228.7851
Colombia,COL,2019,-182.20491
Colombia,COL,2020,-192.84563
Colombia,COL,2021,-145.26018
Colombia,COL,2022,-161.66113
Colombia,COL,2023,-130.12494
Congo,COG,1990,-1002.1235
Congo,COG,1991,-944.8286
Congo,COG,1992,-1056.0657
Congo,COG,1993,-1153.3976
Congo,COG,1994,-1251.6418
Congo,COG,1995,-1148.277
Congo,COG,1996,-1364.9899
Congo,COG,1997,-1633.8765
Congo,COG,1998,-1777.6506
Congo,COG,1999,-1939.3452
Congo,COG,2000,-1931.3293
Congo,COG,2001,-1590.599
Congo,COG,2002,-1524.6611
Congo,COG,2003,-1166.2476
Congo,COG,2004,-1135.5995
Congo,COG,2005,-1152.2313
Congo,COG,2006,-998.367
Congo,COG,2007,-892.2911
Congo,COG,2008,-875.8171
Congo,COG,2009,-922.4426
Congo,COG,2010,-934.27954
Congo,COG,2011,-632.1627
Congo,COG,2012,-537.70636
Congo,COG,2013,-453.8497
Congo,COG,2014,-459.95645
Congo,COG,2015,-420.1744
Congo,COG,2016,-395.3551
Congo,COG,2017,-463.76083
Congo,COG,2018,-548.5007
Congo,COG,2019,-511.22992
Congo,COG,2020,-452.50848
Congo,COG,2021,-391.39313
Congo,COG,2022,-347.41986
Costa Rica,CRI,1990,62.00134
Costa Rica,CRI,1991,60.44692
Costa Rica,CRI,1992,62.72046
Costa Rica,CRI,1993,63.856182
Costa Rica,CRI,1994,66.88548
Costa Rica,CRI,1995,69.97913
Costa Rica,CRI,1996,66.807884
Costa Rica,CRI,1997,64.95926
Costa Rica,CRI,1998,72.53828
Costa Rica,CRI,1999,71.23349
Costa Rica,CRI,2000,61.418133
Costa Rica,CRI,2001,65.25216
Costa Rica,CRI,2002,64.24449
Costa Rica,CRI,2003,62.6698
Costa Rica,CRI,2004,52.03617
Costa Rica,CRI,2005,54.956833
Costa Rica,CRI,2006,54.48197
Costa Rica,CRI,2007,56.272568
Costa Rica,CRI,2008,57.266884
Costa Rica,CRI,2009,51.888477
Costa Rica,CRI,2010,53.24357
Costa Rica,CRI,2011,54.34838
Costa Rica,CRI,2012,50.292126
Costa Rica,CRI,2013,51.041447
Costa Rica,CRI,2014,52.250374
Costa Rica,CRI,2015,50.898605
Costa Rica,CRI,2016,56.106194
Costa Rica,CRI,2017,60.51874
Costa Rica,CRI,2018,58.36692
Costa Rica,CRI,2019,57.96381
Costa Rica,CRI,2020,46.820614
Costa Rica,CRI,2021,53.383698
Costa Rica,CRI,2022,53.08766
Costa Rica,CRI,2023,55.473686
Cote d'Ivoire,CIV,1990,25.079008
Cote d'Ivoire,CIV,1991,26.590765
Cote d'Ivoire,CIV,1992,26.186825
Cote d'Ivoire,CIV,1993,25.63444
Cote d'Ivoire,CIV,1994,25.420654
Cote d'Ivoire,CIV,1995,20.892431
Cote d'Ivoire,CIV,1996,14.080341
Cote d'Ivoire,CIV,1997,11.050065
Cote d'Ivoire,CIV,1998,11.343933
Cote d'Ivoire,CIV,1999,17.076744
Cote d'Ivoire,CIV,2000,14.60034
Cote d'Ivoire,CIV,2001,11.5900955
Cote d'Ivoire,CIV,2002,9.243255
Cote d'Ivoire,CIV,2003,-0.0079621
Cote d'Ivoire,CIV,2004,-1.7069851
Cote d'Ivoire,CIV,2005,-7.292621
Cote d'Ivoire,CIV,2006,-24.056513
Cote d'Ivoire,CIV,2007,-12.821686
Cote d'Ivoire,CIV,2008,-13.484114
Cote d'Ivoire,CIV,2009,-15.865258
Cote d'Ivoire,CIV,2010,-10.283548
Cote d'Ivoire,CIV,2011,-6.364434
Cote d'Ivoire,CIV,2012,1.629628
Cote d'Ivoire,CIV,2013,6.066066
Cote d'Ivoire,CIV,2014,7.7174234
Cote d'Ivoire,CIV,2015,3.207896
Cote d'Ivoire,CIV,2016,5.1000776
Cote d'Ivoire,CIV,2017,3.0147243
Cote d'Ivoire,CIV,2018,7.79211
Cote d'Ivoire,CIV,2019,4.6010466
Cote d'Ivoire,CIV,2020,8.143785
Cote d'Ivoire,CIV,2021,13.230067
Cote d'Ivoire,CIV,2022,14.37861
Croatia,HRV,1990,40.955875
Croatia,HRV,1991,30.903326
Croatia,HRV,1992,36.135952
Croatia,HRV,1993,34.03368
Croatia,HRV,1994,37.598812
Croatia,HRV,1995,35.985977
Croatia,HRV,1996,41.468945
Croatia,HRV,1997,43.85104
Croatia,HRV,1998,46.645046
Croatia,HRV,1999,49.54766
Croatia,HRV,2000,48.890392
Croatia,HRV,2001,47.11787
Croatia,HRV,2002,54.98708
Croatia,HRV,2003,51.16974
Croatia,HRV,2004,52.436005
Croatia,HRV,2005,53.25636
Croatia,HRV,2006,49.779713
Croatia,HRV,2007,52.4773
Croatia,HRV,2008,55.53624
Croatia,HRV,2009,46.635025
Croatia,HRV,2010,47.349205
Croatia,HRV,2011,50.458576
Croatia,HRV,2012,50.63929
Croatia,HRV,2013,48.28244
Croatia,HRV,2014,45.019108
Croatia,HRV,2015,49.628925
Croatia,HRV,2016,49.307655
Croatia,HRV,2017,54.257565
Croatia,HRV,2018,54.123043
Croatia,HRV,2019,57.79627
Croatia,HRV,2020,54.170845
Croatia,HRV,2021,55.43066
Croatia,HRV,2022,61.895535
Cuba,CUB,2006,49.79237
Cuba,CUB,2007,47.918472
Cuba,CUB,2008,51.244614
Cuba,CUB,2009,55.537395
Cuba,CUB,2010,61.504333
Cuba,CUB,2011,57.410362
Cuba,CUB,2012,58.1701
Cuba,CUB,2013,56.995895
Cuba,CUB,2014,54.186043
Cuba,CUB,2015,54.839626
Cuba,CUB,2016,58.750618
Cuba,CUB,2017,55.23883
Cuba,CUB,2018,50.393948
Cuba,CUB,2019,52.813625
Cuba,CUB,2020,53.59377
Cuba,CUB,2021,58.13848
Cuba,CUB,2022,62.81333
Curacao,CUW,1990,215.07558
Curacao,CUW,1991,201.40378
Curacao,CUW,1992,247.42082
Curacao,CUW,1993,247.70628
Curacao,CUW,1994,241.35278
Curacao,CUW,1995,240.64476
Curacao,CUW,1996,237.60666
Curacao,CUW,1997,176.2832
Curacao,CUW,1998,169.1865
Curacao,CUW,1999,196.1447
Curacao,CUW,2000,197.30385
Curacao,CUW,2001,193.54825
Curacao,CUW,2002,195.54146
Curacao,CUW,2003,200.50584
Curacao,CUW,2004,195.84743
Curacao,CUW,2005,200.9623
Curacao,CUW,2006,204.84639
Curacao,CUW,2007,194.83952
Curacao,CUW,2008,201.40062
Curacao,CUW,2009,196.99188
Curacao,CUW,2010,210.1385
Curacao,CUW,2011,201.8863
Curacao,CUW,2012,199.02367
Curacao,CUW,2013,203.85045
Curacao,CUW,2014,192.1215
Curacao,CUW,2015,190.39331
Curacao,CUW,2016,204.73102
Curacao,CUW,2017,223.77126
Curacao,CUW,2018,236.119
Cyprus,CYP,1996,116.39848
Cyprus,CYP,2015,120.80098
Cyprus,CYP,2016,120.81703
Cyprus,CYP,2021,108.443146
Cyprus,CYP,2022,117.03786
Czechia,CZE,1990,15.286446
Czechia,CZE,1991,15.710724
Czechia,CZE,1992,15.792553
Czechia,CZE,1993,15.916368
Czechia,CZE,1994,18.753967
Czechia,CZE,1995,20.551218
Czechia,CZE,1996,24.226559
Czechia,CZE,1997,24.106358
Czechia,CZE,1998,25.114363
Czechia,CZE,1999,25.081736
Czechia,CZE,2000,22.779863
Czechia,CZE,2001,25.1361
Czechia,CZE,2002,26.335945
Czechia,CZE,2003,25.062338
Czechia,CZE,2004,25.557503
Czechia,CZE,2005,28.103739
Czechia,CZE,2006,27.666134
Czechia,CZE,2007,25.130087
Czechia,CZE,2008,27.930635
Czechia,CZE,2009,27.000782
Czechia,CZE,2010,25.55491
Czechia,CZE,2011,28.884722
Czechia,CZE,2012,25.429577
Czechia,CZE,2013,27.710579
Czechia,CZE,2014,30.286926
Czechia,CZE,2015,32.117294
Czechia,CZE,2016,32.877934
Czechia,CZE,2017,37.288013
Czechia,CZE,2018,37.08666
Czechia,CZE,2019,41.0173
Czechia,CZE,2020,38.783844
Czechia,CZE,2021,40.05276
Czechia,CZE,2022,42.043137
Czechia,CZE,2023,41.55119
Democratic Republic of Congo,COD,1990,-0.75458103
Democratic Republic of Congo,COD,1991,-1.6611745
Democratic Republic of Congo,COD,1992,-1.7655491
Democratic Republic of Congo,COD,1993,-1.7476419
Democratic Republic of Congo,COD,1994,-5.0919642
Democratic Republic of Congo,COD,1995,-5.3549967
Democratic Republic of Congo,COD,1996,-5.3198743
Democratic Republic of Congo,COD,1997,-5.0612164
Democratic Republic of Congo,COD,1998,-4.594543
Democratic Republic of Congo,COD,1999,-5.876258
Democratic Republic of Congo,COD,2000,-6.762795
Democratic Republic of Congo,COD,2001,-7.026049
Democratic Republic of Congo,COD,2002,-6.308891
Democratic Republic of Congo,COD,2003,-6.343372
Democratic Republic of Congo,COD,2004,-6.532487
Democratic Republic of Congo,COD,2005,-4.962456
Democratic Republic of Congo,COD,2006,-4.1127977
Democratic Republic of Congo,COD,2007,-3.6915593
Democratic Republic of Congo,COD,2008,-3.394833
Democratic Republic of Congo,COD,2009,-3.475266
Democratic Republic of Congo,COD,2010,-2.1832743
Democratic Republic of Congo,COD,2011,-1.4774718
Democratic Republic of Congo,COD,2012,-0.9853753
Democratic Republic of Congo,COD,2013,-0.36307016
Democratic Republic of Congo,COD,2014,0.4379254
Democratic Republic of Congo,COD,2015,-0.0069052824
Democratic Republic of Congo,COD,2016,-0.5209577
Democratic Republic of Congo,COD,2017,-0.3276307
Democratic Republic of Congo,COD,2018,0.18244486
Democratic Republic of Congo,COD,2019,0.61365247
Democratic Republic of Congo,COD,2020,0.47214574
Democratic Republic of Congo,COD,2021,0.45595214
Democratic Republic of Congo,COD,2022,1.5962656
Denmark,DNK,1990,49.81873
Denmark,DNK,1991,42.75186
Denmark,DNK,1992,40.187634
Denmark,DNK,1993,30.103981
Denmark,DNK,1994,30.248665
Denmark,DNK,1995,37.479656
Denmark,DNK,1996,24.269617
Denmark,DNK,1997,17.402779
Denmark,DNK,1998,6.170294
Denmark,DNK,1999,-18.762203
Denmark,DNK,2000,-40.050457
Denmark,DNK,2001,-31.520105
Denmark,DNK,2002,-45.964935
Denmark,DNK,2003,-34.23857
Denmark,DNK,2004,-51.115234
Denmark,DNK,2005,-55.21661
Denmark,DNK,2006,-38.95781
Denmark,DNK,2007,-26.75326
Denmark,DNK,2008,-23.265114
Denmark,DNK,2009,-20.242147
Denmark,DNK,2010,-17.632652
Denmark,DNK,2011,-6.930177
Denmark,DNK,2012,-3.4730256
Denmark,DNK,2013,13.334642
Denmark,DNK,2014,13.45958
Denmark,DNK,2015,14.417873
Denmark,DNK,2016,14.972058
Denmark,DNK,2017,12.469859
Denmark,DNK,2018,25.156713
Denmark,DNK,2019,43.753277
Denmark,DNK,2020,48.325565
Denmark,DNK,2021,34.89068
Denmark,DNK,2022,47.41871
Denmark,DNK,2023,44.433247
Dominican Republic,DOM,2012,93.229324
Dominican Republic,DOM,2013,93.03255
Dominican Republic,DOM,2014,93.565315
Dominican Republic,DOM,2015,95.35658
Dominican Republic,DOM,2016,94.424446
Dominican Republic,DOM,2017,93.04081
Dominican Republic,DOM,2018,93.420204
Dominican Republic,DOM,2019,93.94065
Dominican Republic,DOM,2020,89.58662
Dominican Republic,DOM,2021,91.28738
Dominican Republic,DOM,2022,94.42069
East Asia and Pacific (WB),,1990,19.517662
East Asia and Pacific (WB),,1991,18.79234
East Asia and Pacific (WB),,1992,20.411882
East Asia and Pacific (WB),,1993,21.809887
East Asia and Pacific (WB),,1994,22.07295
East Asia and Pacific (WB),,1995,21.5865
East Asia and Pacific (WB),,1996,21.927696
East Asia and Pacific (WB),,1997,22.927158
East Asia and Pacific (WB),,1998,20.736881
East Asia and Pacific (WB),,1999,21.765432
East Asia and Pacific (WB),,2000,23.012539
East Asia and Pacific (WB),,2001,20.937769
East Asia and Pacific (WB),,2002,21.097878
East Asia and Pacific (WB),,2003,21.079235
East Asia and Pacific (WB),,2004,22.145327
East Asia and Pacific (WB),,2005,19.59878
East Asia and Pacific (WB),,2006,19.0927
East Asia and Pacific (WB),,2007,19.355757
East Asia and Pacific (WB),,2008,19.36479
East Asia and Pacific (WB),,2009,19.704393
East Asia and Pacific (WB),,2010,20.396452
East Asia and Pacific (WB),,2011,20.454367
East Asia and Pacific (WB),,2012,21.59723
East Asia and Pacific (WB),,2013,21.554976
East Asia and Pacific (WB),,2014,21.263153
East Asia and Pacific (WB),,2015,21.165737
East Asia and Pacific (WB),,2016,22.516867
East Asia and Pacific (WB),,2017,23.64297
East Asia and Pacific (WB),,2018,23.890038
East Asia and Pacific (WB),,2019,23.230282
East Asia and Pacific (WB),,2020,23.499207
East Asia and Pacific (WB),,2021,22.919415
East Asia and Pacific (WB),,2022,21.842604
East Asia and Pacific (WB),,2023,35.605095
Ecuador,ECU,1990,-159.27592
Ecuador,ECU,1991,-156.93454
Ecuador,ECU,1992,-178.5753
Ecuador,ECU,1993,-199.70294
Ecuador,ECU,1994,-200.15317
Ecuador,ECU,1995,-177.25404
Ecuador,ECU,1996,-160.39117
Ecuador,ECU,1997,-144.82278
Ecuador,ECU,1998,-137.87268
Ecuador,ECU,1999,-157.39993
Ecuador,ECU,2000,-169.1348
Ecuador,ECU,2001,-155.4163
Ecuador,ECU,2002,-131.04701
Ecuador,ECU,2003,-123.53776
Ecuador,ECU,2004,-168.17067
Ecuador,ECU,2005,-149.12926
Ecuador,ECU,2006,-153.09402
Ecuador,ECU,2007,-129.4667
Ecuador,ECU,2008,-150.58345
Ecuador,ECU,2009,-118.84378
Ecuador,ECU,2010,-106.15226
Ecuador,ECU,2011,-104.75
Ecuador,ECU,2012,-108.89053
Ecuador,ECU,2013,-105.56654
Ecuador,ECU,2014,-98.81867
Ecuador,ECU,2015,-101.688515
Ecuador,ECU,2016,-113.62961
Ecuador,ECU,2017,-104.55086
Ecuador,ECU,2018,-98.711525
Ecuador,ECU,2019,-95.754234
Ecuador,ECU,2020,-105.89822
Ecuador,ECU,2021,-75.60515
Ecuador,ECU,2022,-69.40131
Egypt,EGY,1990,-61.77634
Egypt,EGY,1991,-61.853466
Egypt,EGY,1992,-66.2495
Egypt,EGY,1993,-65.8452
Egypt,EGY,1994,-67.71687
Egypt,EGY,1995,-60.071957
Egypt,EGY,1996,-46.321003
Egypt,EGY,1997,-38.207664
Egypt,EGY,1998,-30.314672
Egypt,EGY,1999,-31.285202
Egypt,EGY,2000,-23.175985
Egypt,EGY,2001,-17.843203
Egypt,EGY,2002,-19.27996
Egypt,EGY,2003,-19.322624
Egypt,EGY,2004,-11.467272
Egypt,EGY,2005,-22.49185
Egypt,EGY,2006,-20.940594
Egypt,EGY,2007,-19.334967
Egypt,EGY,2008,-21.08478
Egypt,EGY,2009,-16.96922
Egypt,EGY,2010,-15.28601
Egypt,EGY,2011,-9.093645
Egypt,EGY,2012,-3.8222377
Egypt,EGY,2013,0.7519156
Egypt,EGY,2014,8.092744
Egypt,EGY,2015,12.75079
Egypt,EGY,2016,19.059595
Egypt,EGY,2017,14.038974
Egypt,EGY,2018,4.997151
Egypt,EGY,2019,-0.5312654
Egypt,EGY,2020,-0.068341754
Egypt,EGY,2021,3.9584305
Egypt,EGY,2022,9.250543
El Salvador,SLV,1990,32.05348
El Salvador,SLV,1991,37.633186
El Salvador,SLV,1992,39.75994
El Salvador,SLV,1993,44.605663
El Salvador,SLV,1994,44.179066
El Salvador,SLV,1995,49.276844
El Salvador,SLV,1996,45.558365
El Salvador,SLV,1997,48.698654
El Salvador,SLV,1998,51.401855
El Salvador,SLV,1999,48.462917
El Salvador,SLV,2000,59.872955
El Salvador,SLV,2001,56.65408
El Salvador,SLV,2002,55.98359
El Salvador,SLV,2003,57.517017
El Salvador,SLV,2004,57.277763
El Salvador,SLV,2005,54.229668
El Salvador,SLV,2006,53.502167
El Salvador,SLV,2007,56.263195
El Salvador,SLV,2008,50.574497
El Salvador,SLV,2009,50.965736
El Salvador,SLV,2010,49.375187
El Salvador,SLV,2011,49.69928
El Salvador,SLV,2012,49.56978
El Salvador,SLV,2013,52.71782
El Salvador,SLV,2014,56.10994
El Salvador,SLV,2015,58.39887
El Salvador,SLV,2016,58.37627
El Salvador,SLV,2017,54.946926
El Salvador,SLV,2018,57.451912
El Salvador,SLV,2019,61.322796
El Salvador,SLV,2020,51.479107
El Salvador,SLV,2021,56.933113
El Salvador,SLV,2022,59.505444
Equatorial Guinea,GNQ,1994,-37.55812
Equatorial Guinea,GNQ,1995,-71.97896
Equatorial Guinea,GNQ,1996,-405.54767
Equatorial Guinea,GNQ,1997,-1422.9547
Equatorial Guinea,GNQ,1998,-1983.8618
Equatorial Guinea,GNQ,1999,-2205.832
Equatorial Guinea,GNQ,2000,-2382.8877
Equatorial Guinea,GNQ,2001,-3300.1472
Equatorial Guinea,GNQ,2002,-2747.5076
Equatorial Guinea,GNQ,2003,-2902.1926
Equatorial Guinea,GNQ,2004,-1182.9901
Equatorial Guinea,GNQ,2005,-1124.4746
Equatorial Guinea,GNQ,2006,-1313.0502
Equatorial Guinea,GNQ,2007,-1282.7102
Equatorial Guinea,GNQ,2008,-1423.6558
Equatorial Guinea,GNQ,2009,-1274.8246
Equatorial Guinea,GNQ,2010,-1169.2262
Equatorial Guinea,GNQ,2011,-1056.0502
Equatorial Guinea,GNQ,2012,-1080.4064
Equatorial Guinea,GNQ,2013,-823.9463
Equatorial Guinea,GNQ,2014,-906.97656
Equatorial Guinea,GNQ,2015,-988.3027
Equatorial Guinea,GNQ,2016,-744.86993
Equatorial Guinea,GNQ,2017,-780.5721
Equatorial Guinea,GNQ,2018,-517.42523
Equatorial Guinea,GNQ,2019,-499.98654
Equatorial Guinea,GNQ,2020,-542.2321
Equatorial Guinea,GNQ,2021,-418.31137
Equatorial Guinea,GNQ,2022,-422.76923
Eritrea,ERI,1992,44.78863
Eritrea,ERI,1993,40.009853
Eritrea,ERI,1994,47.39713
Eritrea,ERI,1995,40.601288
Eritrea,ERI,1996,42.53985
Eritrea,ERI,1997,33.015343
Eritrea,ERI,2004,34.78975
Estonia,EST,1990,42.04464
Estonia,EST,1991,40.123352
Estonia,EST,1992,35.84785
Estonia,EST,1993,37.623642
Estonia,EST,1994,35.376072
Estonia,EST,1995,33.60837
Estonia,EST,1996,30.902924
Estonia,EST,1997,30.960386
Estonia,EST,1998,38.430347
Estonia,EST,1999,36.21651
Estonia,EST,2000,34.74931
Estonia,EST,2001,34.433334
Estonia,EST,2002,32.859684
Estonia,EST,2003,30.142616
Estonia,EST,2004,31.089281
Estonia,EST,2005,27.826416
Estonia,EST,2006,31.595207
Estonia,EST,2007,25.667673
Estonia,EST,2008,28.802559
Estonia,EST,2009,28.332233
Estonia,EST,2010,15.411623
Estonia,EST,2011,14.3265505
Estonia,EST,2012,22.467276
Estonia,EST,2013,15.849618
Estonia,EST,2014,12.46566
Estonia,EST,2015,12.008668
Estonia,EST,2016,8.586163
Estonia,EST,2017,4.8111243
Estonia,EST,2018,1.4387714
Estonia,EST,2019,5.117667
Estonia,EST,2020,11.442414
Estonia,EST,2021,1.6717118
Estonia,EST,2022,6.81877
Estonia,EST,2023,1.7878426
Eswatini,SWZ,1997,15.441048
Eswatini,SWZ,1998,16.835115
Eswatini,SWZ,1999,12.822047
Eswatini,SWZ,2000,14.578679
Eswatini,SWZ,2001,18.588558
Eswatini,SWZ,2002,12.062669
Eswatini,SWZ,2003,9.346057
Eswatini,SWZ,2004,5.6975684
Eswatini,SWZ,2005,8.774011
Eswatini,SWZ,2006,10.887432
Eswatini,SWZ,2007,10.8294935
Eswatini,SWZ,2008,10.276989
Eswatini,SWZ,2009,12.967949
Eswatini,SWZ,2010,12.851158
Eswatini,SWZ,2011,23.419504
Eswatini,SWZ,2012,26.477995
Eswatini,SWZ,2013,19.11631
Eswatini,SWZ,2014,22.699617
Eswatini,SWZ,2015,23.27068
Eswatini,SWZ,2016,25.707922
Eswatini,SWZ,2017,29.76289
Eswatini,SWZ,2018,29.10896
Eswatini,SWZ,2019,31.47877
Eswatini,SWZ,2020,26.880352
Eswatini,SWZ,2021,25.438086
Eswatini,SWZ,2022,20.552956
Ethiopia,ETH,1990,5.7127833
Ethiopia,ETH,1991,5.679872
Ethiopia,ETH,1992,3.0759194
Ethiopia,ETH,1993,3.7904134
Ethiopia,ETH,1994,4.2462397
Ethiopia,ETH,1995,4.616708
Ethiopia,ETH,1996,4.804174
Ethiopia,ETH,1997,4.4880195
Ethiopia,ETH,2011,7.076781
Ethiopia,ETH,2012,7.417001
Ethiopia,ETH,2013,8.22809
Ethiopia,ETH,2014,9.159513
Ethiopia,ETH,2015,9.360818
Ethiopia,ETH,2016,10.21686
Ethiopia,ETH,2017,10.520501
Ethiopia,ETH,2018,11.236527
Ethiopia,ETH,2019,12.044911
Ethiopia,ETH,2020,9.525699
Ethiopia,ETH,2021,11.144845
Ethiopia,ETH,2022,10.792496
Europe and Central Asia (WB),,1990,13.682675
Europe and Central Asia (WB),,1991,15.625577
Europe and Central Asia (WB),,1992,15.992424
Europe and Central Asia (WB),,1993,14.931713
Europe and Central Asia (WB),,1994,13.470971
Europe and Central Asia (WB),,1995,14.258981
Europe and Central Asia (WB),,1996,13.685958
Europe and Central Asia (WB),,1997,13.778115
Europe and Central Asia (WB),,1998,14.732765
Europe and Central Asia (WB),,1999,12.7469845
Europe and Central Asia (WB),,2000,12.4074955
Europe and Central Asia (WB),,2001,12.265969
Europe and Central Asia (WB),,2002,10.582898
Europe and Central Asia (WB),,2003,10.481548
Europe and Central Asia (WB),,2004,9.575632
Europe and Central Asia (WB),,2005,9.843255
Europe and Central Asia (WB),,2006,11.092515
Europe and Central Asia (WB),,2007,9.244254
Europe and Central Asia (WB),,2008,10.243509
Europe and Central Asia (WB),,2009,7.4569798
Europe and Central Asia (WB),,2010,6.9238257
Europe and Central Asia (WB),,2011,7.2594705
Europe and Central Asia (WB),,2012,6.0291986
Europe and Central Asia (WB),,2013,4.2225494
Europe and Central Asia (WB),,2014,3.6012344
Europe and Central Asia (WB),,2015,2.940173
Europe and Central Asia (WB),,2016,2.7308712
Europe and Central Asia (WB),,2017,3.1868644
Europe and Central Asia (WB),,2018,1.8309008
Europe and Central Asia (WB),,2019,2.1715689
Europe and Central Asia (WB),,2020,-0.34226048
Europe and Central Asia (WB),,2021,1.5655884
Europe and Central Asia (WB),,2022,5.106494
Europe and Central Asia (WB),,2023,48.96845
European Union (27),,1990,51.749928
European Union (27),,1991,52.180313
European Union (27),,1992,53.611393
European Union (27),,1993,52.11069
European Union (27),,1994,53.237885
European Union (27),,1995,53.98091
European Union (27),,1996,54.647556
European Union (27),,1997,55.616512
European Union (27),,1998,57.61753
European Union (27),,1999,57.259426
European Union (27),,2000,58.678154
European Union (27),,2001,58.086697
European Union (27),,2002,58.62658
European Union (27),,2003,59.281136
European Union (27),,2004,59.355137
European Union (27),,2005,60.431187
European Union (27),,2006,61.02684
European Union (27),,2007,60.163624
European Union (27),,2008,61.364582
European Union (27),,2009,60.03273
European Union (27),,2010,58.46597
European Union (27),,2011,59.282356
European Union (27),,2012,57.65466
European Union (27),,2013,56.604305
European Union (27),,2014,57.260254
European Union (27),,2015,58.980564
European Union (27),,2016,59.28082
European Union (27),,2017,60.838066
European Union (27),,2018,61.603363
European Union (27),,2019,64.410286
European Union (27),,2020,60.279865
European Union (27),,2021,58.433243
European Union (27),,2022,66.70644
European Union (27),,2023,63.50098
Finland,FIN,1990,62.814926
Finland,FIN,1991,58.40323
Finland,FIN,1992,57.5788
Finland,FIN,1993,57.194088
Finland,FIN,1994,67.04859
Finland,FIN,1995,54.418804
Finland,FIN,1996,55.943634
Finland,FIN,1997,57.20761
Finland,FIN,1998,54.56389
Finland,FIN,1999,51.987602
Finland,FIN,2000,57.116592
Finland,FIN,2001,56.76756
Finland,FIN,2002,53.732395
Finland,FIN,2003,60.627975
Finland,FIN,2004,56.05381
Finland,FIN,2005,55.85242
Finland,FIN,2006,55.462254
Finland,FIN,2007,54.66366
Finland,FIN,2008,55.931973
Finland,FIN,2009,55.442585
Finland,FIN,2010,49.332752
Finland,FIN,2011,54.55214
Finland,FIN,2012,47.491123
Finland,FIN,2013,50.095364
Finland,FIN,2014,50.30632
Finland,FIN,2015,48.588715
Finland,FIN,2016,46.740883
Finland,FIN,2017,45.34116
Finland,FIN,2018,46.880733
Finland,FIN,2019,44.531754
Finland,FIN,2020,43.98634
Finland,FIN,2021,38.722042
Finland,FIN,2022,42.331253
Finland,FIN,2023,31.826513
France,FRA,1990,53.273792
France,FRA,1991,53.269234
France,FRA,1992,52.88979
France,FRA,1993,48.67863
France,FRA,1994,48.39985
France,FRA,1995,48.686108
France,FRA,1996,49.243877
France,FRA,1997,49.89076
France,FRA,1998,52.24308
France,FRA,1999,52.653866
France,FRA,2000,52.659718
France,FRA,2001,51.62806
France,FRA,2002,51.99023
France,FRA,2003,51.901737
France,FRA,2004,52.240036
France,FRA,2005,53.06794
France,FRA,2006,52.991444
France,FRA,2007,51.970253
France,FRA,2008,52.300518
France,FRA,2009,52.44618
France,FRA,2010,50.37099
France,FRA,2011,50.839985
France,FRA,2012,49.966705
France,FRA,2013,49.768196
France,FRA,2014,47.90375
France,FRA,2015,47.622173
France,FRA,2016,49.184162
France,FRA,2017,50.71372
France,FRA,2018,48.797226
France,FRA,2019,49.612823
France,FRA,2020,45.75125
France,FRA,2021,45.553135
France,FRA,2022,54.352528
France,FRA,2023,47.15135
Gabon,GAB,1990,-1029.2183
Gabon,GAB,1991,-1149.0026
Gabon,GAB,1992,-1056.9197
Gabon,GAB,1993,-1088.746
Gabon,GAB,1994,-1393.1384
Gabon,GAB,1995,-1355.3704
Gabon,GAB,1996,-1310.898
Gabon,GAB,1997,-1309.4763
Gabon,GAB,1998,-1158.6378
Gabon,GAB,1999,-1059.8186
Gabon,GAB,2000,-917.46674
Gabon,GAB,2001,-794.0321
Gabon,GAB,2002,-644.9558
Gabon,GAB,2003,-575.91205
Gabon,GAB,2004,-507.73456
Gabon,GAB,2005,-423.2269
Gabon,GAB,2006,-335.1803
Gabon,GAB,2007,-307.14978
Gabon,GAB,2008,-264.25375
Gabon,GAB,2009,-240.00874
Gabon,GAB,2010,-243.26332
Gabon,GAB,2011,-274.2708
Gabon,GAB,2012,-296.8711
Gabon,GAB,2013,-189.75264
Gabon,GAB,2014,-195.2663
Gabon,GAB,2015,-203.76402
Gabon,GAB,2016,-199.6199
Gabon,GAB,2017,-195.86134
Gabon,GAB,2018,-172.01353
Gabon,GAB,2019,-210.2251
Gabon,GAB,2020,-205.64908
Gabon,GAB,2021,-190.1151
Gabon,GAB,2022,-187.59703
Georgia,GEO,1990,85.114006
Georgia,GEO,1991,87.54243
Georgia,GEO,1992,86.086296
Georgia,GEO,1993,79.36333
Georgia,GEO,1994,81.10277
Georgia,GEO,1995,69.184364
Georgia,GEO,1996,61.036346
Georgia,GEO,1997,60.9808
Georgia,GEO,1998,59.576942
Georgia,GEO,1999,57.16689
Georgia,GEO,2000,54.32003
Georgia,GEO,2001,50.421356
Georgia,GEO,2002,47.24178
Georgia,GEO,2003,49.27874
Georgia,GEO,2004,55.086105
Georgia,GEO,2005,66.814644
Georgia,GEO,2006,70.751305
Georgia,GEO,2007,69.49039
Georgia,GEO,2008,65.40149
Georgia,GEO,2009,63.055202
Georgia,GEO,2010,59.229427
Georgia,GEO,2011,69.49619
Georgia,GEO,2012,71.42111
Georgia,GEO,2013,67.832306
Georgia,GEO,2014,71.01898
Georgia,GEO,2015,73.83383
Georgia,GEO,2016,73.09864
Georgia,GEO,2017,74.407166
Georgia,GEO,2018,77.333435
Georgia,GEO,2019,80.72239
Georgia,GEO,2020,80.63174
Georgia,GEO,2021,78.155304
Georgia,GEO,2022,79.584206
Germany,DEU,1990,47.628185
Germany,DEU,1991,52.63522
Germany,DEU,1992,55.661568
Germany,DEU,1993,56.71539
Germany,DEU,1994,58.065357
Germany,DEU,1995,58.11396
Germany,DEU,1996,60.0135
Germany,DEU,1997,60.75808
Germany,DEU,1998,62.480614
Germany,DEU,1999,60.82094
Germany,DEU,2000,61.10396
Germany,DEU,2001,62.505024
Germany,DEU,2002,61.799488
Germany,DEU,2003,62.26988
Germany,DEU,2004,62.865067
Germany,DEU,2005,62.53057
Germany,DEU,2006,62.83431
Germany,DEU,2007,60.55783
Germany,DEU,2008,62.846554
Germany,DEU,2009,63.278072
Germany,DEU,2010,62.05365
Germany,DEU,2011,63.962605
Germany,DEU,2012,63.409187
Germany,DEU,2013,64.634186
Germany,DEU,2014,64.03523
Germany,DEU,2015,64.43545
Germany,DEU,2016,66.30647
Germany,DEU,2017,66.62119
Germany,DEU,2018,66.20193
Germany,DEU,2019,69.924
Germany,DEU,2020,65.38578
Germany,DEU,2021,65.40469
Germany,DEU,2022,71.67462
Germany,DEU,2023,69.771736
Ghana,GHA,1990,18.250711
Ghana,GHA,1991,16.296782
Ghana,GHA,1992,16.240892
Ghana,GHA,1993,15.29415
Ghana,GHA,1994,18.540764
Ghana,GHA,1995,17.81875
Ghana,GHA,1996,20.030785
Ghana,GHA,1997,21.724577
Ghana,GHA,1998,28.046957
Ghana,GHA,1999,28.591496
Ghana,GHA,2000,31.973404
Ghana,GHA,2001,34.20996
Ghana,GHA,2002,38.862
Ghana,GHA,2003,39.728333
Ghana,GHA,2004,38.738716
Ghana,GHA,2005,40.322235
Ghana,GHA,2006,45.642426
Ghana,GHA,2007,48.117386
Ghana,GHA,2008,47.467285
Ghana,GHA,2009,47.86093
Ghana,GHA,2010,49.273945
Ghana,GHA,2011,7.614567
Ghana,GHA,2012,7.7546616
Ghana,GHA,2013,-6.8521757
Ghana,GHA,2014,-7.691798
Ghana,GHA,2015,-6.4102273
Ghana,GHA,2016,5.7147818
Ghana,GHA,2017,-37.033115
Ghana,GHA,2018,-33.65127
Ghana,GHA,2019,-43.16805
Ghana,GHA,2020,-35.645638
Ghana,GHA,2021,-25.73313
Ghana,GHA,2022,-22.365652
Greece,GRC,1990,71.45422
Greece,GRC,1991,71.85646
Greece,GRC,1992,79.370735
Greece,GRC,1993,78.087845
Greece,GRC,1994,69.39976
Greece,GRC,1995,79.354065
Greece,GRC,1996,79.27375
Greece,GRC,1997,78.013916
Greece,GRC,1998,81.445076
Greece,GRC,1999,75.94572
Greece,GRC,2000,80.223885
Greece,GRC,2001,78.8306
Greece,GRC,2002,81.08549
Greece,GRC,2003,76.40579
Greece,GRC,2004,82.02431
Greece,GRC,2005,76.342926
Greece,GRC,2006,80.84324
Greece,GRC,2007,80.602585
Greece,GRC,2008,82.61112
Greece,GRC,2009,75.220604
Greece,GRC,2010,76.99324
Greece,GRC,2011,73.10502
Greece,GRC,2012,73.08632
Greece,GRC,2013,69.13901
Greece,GRC,2014,72.9934
Greece,GRC,2015,79.07436
Greece,GRC,2016,81.38304
Greece,GRC,2017,81.85228
Greece,GRC,2018,82.02291
Greece,GRC,2019,87.499
Greece,GRC,2020,91.16297
Greece,GRC,2021,84.6002
Greece,GRC,2022,92.915276
Greece,GRC,2023,90.32763
Guatemala,GTM,1990,26.332373
Guatemala,GTM,1991,29.864504
Guatemala,GTM,1992,30.334118
Guatemala,GTM,1993,30.248062
Guatemala,GTM,1994,33.72924
Guatemala,GTM,1995,32.70088
Guatemala,GTM,1996,26.849392
Guatemala,GTM,1997,23.2008
Guatemala,GTM,1998,27.34173
Guatemala,GTM,1999,24.502213
Guatemala,GTM,2000,26.866533
Guatemala,GTM,2001,29.042004
Guatemala,GTM,2002,24.50579
Guatemala,GTM,2003,23.956379
Guatemala,GTM,2004,20.03436
Guatemala,GTM,2005,31.668348
Guatemala,GTM,2006,29.043085
Guatemala,GTM,2007,33.190132
Guatemala,GTM,2008,28.605228
Guatemala,GTM,2009,32.31979
Guatemala,GTM,2010,29.061747
Guatemala,GTM,2011,29.886974
Guatemala,GTM,2012,30.431135
Guatemala,GTM,2013,31.635439
Guatemala,GTM,2014,33.3916
Guatemala,GTM,2015,39.175453
Guatemala,GTM,2016,37.52162
Guatemala,GTM,2017,35.51126
Guatemala,GTM,2018,35.6953
Guatemala,GTM,2019,42.437553
Guatemala,GTM,2020,34.7294
Guatemala,GTM,2021,39.921906
Guatemala,GTM,2022,38.364017
High-income countries,,1990,9.334073
High-income countries,,1991,8.563323
High-income countries,,1992,8.635333
High-income countries,,1993,9.637222
High-income countries,,1994,9.56475
High-income countries,,1995,9.238714
High-income countries,,1996,9.951679
High-income countries,,1997,10.559902
High-income countries,,1998,10.74539
High-income countries,,1999,11.827735
High-income countries,,2000,11.745945
High-income countries,,2001,12.631306
High-income countries,,2002,12.625724
High-income countries,,2003,12.629672
High-income countries,,2004,11.533893
High-income countries,,2005,13.05117
High-income countries,,2006,13.750325
High-income countries,,2007,13.236063
High-income countries,,2008,12.25573
High-income countries,,2009,9.293921
High-income countries,,2010,8.221378
High-income countries,,2011,5.4748173
High-income countries,,2012,3.1987224
High-income countries,,2013,1.0683162
High-income countries,,2014,-0.26277038
High-income countries,,2015,-1.3172634
High-income countries,,2016,-2.2019782
High-income countries,,2017,-2.7609053
High-income countries,,2018,-5.5422826
High-income countries,,2019,-7.6493173
High-income countries,,2020,-10.834193
High-income countries,,2021,-9.270908
High-income countries,,2022,-10.205321
High-income countries,,2023,11.091365
Honduras,HND,1990,29.62725
Honduras,HND,1991,32.01441
Honduras,HND,1992,33.20391
Honduras,HND,1993,33.909855
Honduras,HND,1994,39.277813
Honduras,HND,1995,43.011543
Honduras,HND,1996,42.265965
Honduras,HND,1997,39.736748
Honduras,HND,1998,42.897774
Honduras,HND,1999,49.686943
Honduras,HND,2000,50.29487
Honduras,HND,2001,53.76822
Honduras,HND,2002,56.31445
Honduras,HND,2003,55.40028
Honduras,HND,2004,56.428055
Honduras,HND,2005,53.24604
Honduras,HND,2006,53.271996
Honduras,HND,2007,53.284077
Honduras,HND,2008,51.72238
Honduras,HND,2009,49.10218
Honduras,HND,2010,48.80275
Honduras,HND,2011,51.83151
Honduras,HND,2012,51.664642
Honduras,HND,2013,53.77734
Honduras,HND,2014,51.94917
Honduras,HND,2015,43.67518
Honduras,HND,2016,46.31874
Honduras,HND,2017,61.55304
Honduras,HND,2018,51.61363
Honduras,HND,2019,54.04818
Honduras,HND,2020,52.210377
Honduras,HND,2021,54.81346
Honduras,HND,2022,55.51172
Hong Kong,HKG,1990,127.26613
Hong Kong,HKG,1991,121.390366
Hong Kong,HKG,1992,125.43468
Hong Kong,HKG,1993,138.01843
Hong Kong,HKG,1994,137.00726
Hong Kong,HKG,1995,144.1052
Hong Kong,HKG,1996,148.17389
Hong Kong,HKG,1997,150.52393
Hong Kong,HKG,1998,144.29077
Hong Kong,HKG,1999,141.49506
Hong Kong,HKG,2000,140.76248
Hong Kong,HKG,2001,149.57886
Hong Kong,HKG,2002,166.61003
Hong Kong,HKG,2003,162.64856
Hong Kong,HKG,2004,203.44217
Hong Kong,HKG,2005,182.17316
Hong Kong,HKG,2006,193.81444
Hong Kong,HKG,2007,193.80644
Hong Kong,HKG,2008,185.8849
Hong Kong,HKG,2009,209.03728
Hong Kong,HKG,2010,234.04442
Hong Kong,HKG,2011,207.10374
Hong Kong,HKG,2012,202.98683
Hong Kong,HKG,2013,209.12912
Hong Kong,HKG,2014,200.94786
Hong Kong,HKG,2015,203.74197
Hong Kong,HKG,2016,202.9681
Hong Kong,HKG,2017,230.01865
Hong Kong,HKG,2018,226.60576
Hong Kong,HKG,2019,220.53671
Hong Kong,HKG,2020,191.26544
Hong Kong,HKG,2021,181.8481
Hong Kong,HKG,2022,175.70651
Hungary,HUN,1990,49.197857
Hungary,HUN,1991,46.063416
Hungary,HUN,1992,44.44382
Hungary,HUN,1993,47.656376
Hungary,HUN,1994,47.071583
Hungary,HUN,1995,48.059013
Hungary,HUN,1996,51.56795
Hungary,HUN,1997,51.649105
Hungary,HUN,1998,55.00653
Hungary,HUN,1999,53.8394
Hungary,HUN,2000,55.477055
Hungary,HUN,2001,53.825462
Hungary,HUN,2002,57.32707
Hungary,HUN,2003,62.538525
Hungary,HUN,2004,61.5801
Hungary,HUN,2005,62.87577
Hungary,HUN,2006,62.35916
Hungary,HUN,2007,60.750153
Hungary,HUN,2008,63.231346
Hungary,HUN,2009,58.169666
Hungary,HUN,2010,57.013496
Hungary,HUN,2011,50.416195
Hungary,HUN,2012,50.18486
Hungary,HUN,2013,50.090816
Hungary,HUN,2014,59.73173
Hungary,HUN,2015,53.836857
Hungary,HUN,2016,55.803333
Hungary,HUN,2017,62.73206
Hungary,HUN,2018,58.363384
Hungary,HUN,2019,69.81267
Hungary,HUN,2020,56.406876
Hungary,HUN,2021,53.96491
Hungary,HUN,2022,64.45023
Hungary,HUN,2023,62.534355
Iceland,ISL,2009,20.488914
India,IND,1990,11.292176
India,IND,1991,11.990574
India,IND,1992,13.869299
India,IND,1993,14.315085
India,IND,1994,14.025869
India,IND,1995,15.379845
India,IND,1996,16.954996
India,IND,1997,17.933374
India,IND,1998,19.337168
India,IND,1999,21.321064
India,IND,2000,21.881084
India,IND,2001,21.603502
India,IND,2002,22.196861
India,IND,2003,22.352898
India,IND,2004,23.051195
India,IND,2005,24.740414
India,IND,2006,26.047297
India,IND,2007,27.06009
India,IND,2008,28.455547
India,IND,2009,29.342567
India,IND,2010,30.22172
India,IND,2011,31.115217
India,IND,2012,32.890823
India,IND,2013,34.045372
India,IND,2014,36.56594
India,IND,2015,37.349236
India,IND,2016,37.44387
India,IND,2017,37.49872
India,IND,2018,37.715534
India,IND,2019,39.275513
India,IND,2020,37.730976
India,IND,2021,34.74866
India,IND,2022,35.769722
Indonesia,IDN,1990,-81.53966
Indonesia,IDN,1991,-88.62658
Indonesia,IDN,1992,-85.06213
Indonesia,IDN,1993,-72.83419
Indonesia,IDN,1994,-85.72634
Indonesia,IDN,1995,-72.777054
Indonesia,IDN,1996,-73.68741
Indonesia,IDN,1997,-70.58738
Indonesia,IDN,1998,-76.466324
Indonesia,IDN,1999,-74.47161
Indonesia,IDN,2000,-64.24035
Indonesia,IDN,2001,-63.35231
Indonesia,IDN,2002,-61.299698
Indonesia,IDN,2003,-66.00809
Indonesia,IDN,2004,-60.838444
Indonesia,IDN,2005,-67.87655
Indonesia,IDN,2006,-86.12355
Indonesia,IDN,2007,-90.79615
Indonesia,IDN,2008,-90.42675
Indonesia,IDN,2009,-92.42696
Indonesia,IDN,2010,-98.90232
Indonesia,IDN,2011,-122.91863
Indonesia,IDN,2012,-125.87024
Indonesia,IDN,2013,-137.51735
Indonesia,IDN,2014,-123.00444
Indonesia,IDN,2015,-110.20775
Indonesia,IDN,2016,-107.953766
Indonesia,IDN,2017,-102.395836
Indonesia,IDN,2018,-99.48342
Indonesia,IDN,2019,-98.48575
Indonesia,IDN,2020,-90.372826
Indonesia,IDN,2021,-92.62368
Indonesia,IDN,2022,-84.85977
Iran,IRN,1990,-169.6551
Iran,IRN,1991,-159.50136
Iran,IRN,1992,-164.35483
Iran,IRN,1993,-160.30922
Iran,IRN,1994,-137.95616
Iran,IRN,1995,-133.5754
Iran,IRN,1996,-139.57855
Iran,IRN,1997,-116.43417
Iran,IRN,1998,-115.44766
Iran,IRN,1999,-97.01353
Iran,IRN,2000,-105.87187
Iran,IRN,2001,-87.104965
Iran,IRN,2002,-84.6612
Iran,IRN,2003,-95.8066
Iran,IRN,2004,-87.44338
Iran,IRN,2005,-80.21669
Iran,IRN,2006,-76.9051
Iran,IRN,2007,-74.3233
Iran,IRN,2008,-64.067444
Iran,IRN,2009,-60.408836
Iran,IRN,2010,-64.11371
Iran,IRN,2011,-64.58069
Iran,IRN,2012,-36.98501
Iran,IRN,2013,-33.641796
Iran,IRN,2014,-27.833805
Iran,IRN,2015,-32.56507
Iran,IRN,2016,-55.215546
Iran,IRN,2017,-53.5977
Iran,IRN,2018,-49.788757
Iran,IRN,2019,-27.242128
Iran,IRN,2020,-22.077374
Iran,IRN,2021,-26.519377
Iran,IRN,2022,-32.49446
Iraq,IRQ,1990,-448.2342
Iraq,IRQ,1991,-20.159267
Iraq,IRQ,1992,-20.17399
Iraq,IRQ,1993,-17.338173
Iraq,IRQ,1994,-17.66515
Iraq,IRQ,1995,-19.769882
Iraq,IRQ,1996,-24.938902
Iraq,IRQ,1997,-103.50263
Iraq,IRQ,1998,-283.88028
Iraq,IRQ,1999,-476.94733
Iraq,IRQ,2000,-403.30887
Iraq,IRQ,2001,-344.9207
Iraq,IRQ,2002,-302.20523
Iraq,IRQ,2003,-215.42366
Iraq,IRQ,2004,-282.71317
Iraq,IRQ,2005,-258.77066
Iraq,IRQ,2006,-286.21368
Iraq,IRQ,2007,-307.47134
Iraq,IRQ,2008,-319.45233
Iraq,IRQ,2009,-309.52118
Iraq,IRQ,2010,-274.59113
Iraq,IRQ,2011,-287.89285
Iraq,IRQ,2012,-290.00244
Iraq,IRQ,2013,-275.50504
Iraq,IRQ,2014,-307.6762
Iraq,IRQ,2015,-392.8862
Iraq,IRQ,2016,-451.10196
Iraq,IRQ,2017,-404.95883
Iraq,IRQ,2018,-362.54507
Iraq,IRQ,2019,-357.47165
Iraq,IRQ,2020,-340.4356
Iraq,IRQ,2021,-287.4206
Iraq,IRQ,2022,-274.87735
Ireland,IRL,1990,71.0977
Ireland,IRL,1991,69.48786
Ireland,IRL,1992,68.71776
Ireland,IRL,1993,70.15288
Ireland,IRL,1994,67.420746
Ireland,IRL,1995,72.60354
Ireland,IRL,1996,74.14195
Ireland,IRL,1997,80.1513
Ireland,IRL,1998,84.41552
Ireland,IRL,1999,88.831184
Ireland,IRL,2000,89.26113
Ireland,IRL,2001,94.826965
Ireland,IRL,2002,94.378944
Ireland,IRL,2003,95.1234
Ireland,IRL,2004,95.703415
Ireland,IRL,2005,94.97491
Ireland,IRL,2006,96.41435
Ireland,IRL,2007,94.22944
Ireland,IRL,2008,96.541855
Ireland,IRL,2009,92.766174
Ireland,IRL,2010,92.14953
Ireland,IRL,2011,95.56977
Ireland,IRL,2012,89.76126
Ireland,IRL,2013,94.648285
Ireland,IRL,2014,91.33174
Ireland,IRL,2015,95.29856
Ireland,IRL,2016,74.27189
Ireland,IRL,2017,71.459816
Ireland,IRL,2018,73.3947
Ireland,IRL,2019,75.49126
Ireland,IRL,2020,74.25317
Ireland,IRL,2021,80.693756
Ireland,IRL,2022,86.01168
Ireland,IRL,2023,85.99038
Israel,ISR,1990,99.45527
Israel,ISR,1991,100.17253
Israel,ISR,1992,104.38959
Israel,ISR,1993,101.53034
Israel,ISR,1994,91.87528
Israel,ISR,1995,102.25544
Israel,ISR,1996,93.89051
Israel,ISR,1997,100.0858
Israel,ISR,1998,105.55928
Israel,ISR,1999,99.69688
Israel,ISR,2000,99.63688
Israel,ISR,2001,100.839935
Israel,ISR,2002,104.46871
Israel,ISR,2003,101.11008
Israel,ISR,2004,98.41684
Israel,ISR,2005,96.63413
Israel,ISR,2006,92.493164
Israel,ISR,2007,94.05204
Israel,ISR,2008,85.27415
Israel,ISR,2009,90.16218
Israel,ISR,2010,88.28763
Israel,ISR,2011,80.95267
Israel,ISR,2012,95.569305
Israel,ISR,2013,84.458595
Israel,ISR,2014,76.57476
Israel,ISR,2015,76.798805
Israel,ISR,2016,68.57494
Israel,ISR,2017,74.12209
Israel,ISR,2018,68.0044
Israel,ISR,2019,70.73438
Israel,ISR,2020,43.340275
Israel,ISR,2021,28.729307
Israel,ISR,2022,25.94119
Israel,ISR,2023,14.091587
Italy,ITA,1990,86.83425
Italy,ITA,1991,84.264305
Italy,ITA,1992,86.42512
Italy,ITA,1993,82.77174
Italy,ITA,1994,83.121414
Italy,ITA,1995,84.33186
Italy,ITA,1996,84.10617
Italy,ITA,1997,82.91947
Italy,ITA,1998,84.200325
Italy,ITA,1999,85.04641
Italy,ITA,2000,88.867905
Italy,ITA,2001,85.43353
Italy,ITA,2002,87.914856
Italy,ITA,2003,85.36494
Italy,ITA,2004,86.79243
Italy,ITA,2005,85.72358
Italy,ITA,2006,88.4757
Italy,ITA,2007,85.67753
Italy,ITA,2008,85.4913
Italy,ITA,2009,83.30305
Italy,ITA,2010,85.461876
Italy,ITA,2011,84.12254
Italy,ITA,2012,81.839035
Italy,ITA,2013,79.29454
Italy,ITA,2014,78.38805
Italy,ITA,2015,79.58795
Italy,ITA,2016,80.485054
Italy,ITA,2017,81.17801
Italy,ITA,2018,80.97072
Italy,ITA,2019,82.22797
Italy,ITA,2020,76.86952
Italy,ITA,2021,76.63298
Italy,ITA,2022,83.629036
Italy,ITA,2023,79.82159
Jamaica,JAM,1990,95.95397
Jamaica,JAM,1991,94.946144
Jamaica,JAM,1992,93.95498
Jamaica,JAM,1993,95.800385
Jamaica,JAM,1994,97.756165
Jamaica,JAM,1995,94.36917
Jamaica,JAM,1996,90.27676
Jamaica,JAM,1997,95.69595
Jamaica,JAM,1998,94.5223
Jamaica,JAM,1999,94.363846
Jamaica,JAM,2000,103.32809
Jamaica,JAM,2001,99.39455
Jamaica,JAM,2002,97.50562
Jamaica,JAM,2003,101.82857
Jamaica,JAM,2004,99.17138
Jamaica,JAM,2008,105.12363
Jamaica,JAM,2009,103.83807
Jamaica,JAM,2010,101.35446
Jamaica,JAM,2011,102.71022
Jamaica,JAM,2012,100.15704
Jamaica,JAM,2013,107.73716
Jamaica,JAM,2014,105.27248
Jamaica,JAM,2015,109.4372
Jamaica,JAM,2016,108.19121
Jamaica,JAM,2017,113.83416
Jamaica,JAM,2018,109.229935
Jamaica,JAM,2019,111.27757
Jamaica,JAM,2020,116.005646
Jamaica,JAM,2021,116.92837
Jamaica,JAM,2022,112.575325
Japan,JPN,1990,86.12115
Japan,JPN,1991,84.55721
Japan,JPN,1992,85.00024
Japan,JPN,1993,83.673645
Japan,JPN,1994,84.76453
Japan,JPN,1995,82.85876
Japan,JPN,1996,82.56973
Japan,JPN,1997,81.7835
Japan,JPN,1998,80.32208
Japan,JPN,1999,81.11038
Japan,JPN,2000,82.81583
Japan,JPN,2001,81.20167
Japan,JPN,2002,82.98887
Japan,JPN,2003,85.47889
Japan,JPN,2004,83.774605
Japan,JPN,2005,83.46493
Japan,JPN,2006,82.3652
Japan,JPN,2007,84.31077
Japan,JPN,2008,84.22706
Japan,JPN,2009,80.61014
Japan,JPN,2010,81.73668
Japan,JPN,2011,90.819595
Japan,JPN,2012,96.122215
Japan,JPN,2013,95.67234
Japan,JPN,2014,95.569046
Japan,JPN,2015,94.83963
Japan,JPN,2016,93.8133
Japan,JPN,2017,93.08871
Japan,JPN,2018,91.4438
Japan,JPN,2019,90.55927
Japan,JPN,2020,89.580055
Japan,JPN,2021,88.681526
Japan,JPN,2022,89.950294
Japan,JPN,2023,87.22376
Jordan,JOR,1991,93.071106
Jordan,JOR,1992,101.4582
Jordan,JOR,1993,101.98325
Jordan,JOR,1996,102.34167
Jordan,JOR,1997,98.49874
Jordan,JOR,1998,102.39082
Jordan,JOR,1999,100.40494
Jordan,JOR,2000,97.98741
Jordan,JOR,2001,101.03526
Jordan,JOR,2003,100.35088
Jordan,JOR,2005,104.68741
Jordan,JOR,2006,100.81336
Jordan,JOR,2007,101.67525
Jordan,JOR,2008,101.45149
Jordan,JOR,2009,100.587975
Jordan,JOR,2010,103.196815
Jordan,JOR,2011,97.08794
Jordan,JOR,2012,103.44625
Jordan,JOR,2013,98.22169
Jordan,JOR,2014,102.39351
Jordan,JOR,2015,101.50265
Jordan,JOR,2016,101.2561
Jordan,JOR,2017,98.86166
Jordan,JOR,2018,96.99879
Jordan,JOR,2019,98.83074
Jordan,JOR,2020,93.20411
Jordan,JOR,2021,92.33467
Jordan,JOR,2022,96.352325
Kazakhstan,KAZ,1990,-22.62999
Kazakhstan,KAZ,1991,-21.473024
Kazakhstan,KAZ,1992,-12.572
Kazakhstan,KAZ,1993,-19.80068
Kazakhstan,KAZ,1994,-21.818678
Kazakhstan,KAZ,1995,-21.70723
Kazakhstan,KAZ,1996,-39.909264
Kazakhstan,KAZ,1997,-65.377846
Kazakhstan,KAZ,1998,-64.10142
Kazakhstan,KAZ,1999,-86.42726
Kazakhstan,KAZ,2000,-120.09251
Kazakhstan,KAZ,2001,-134.33226
Kazakhstan,KAZ,2002,-129.15433
Kazakhstan,KAZ,2003,-135.23349
Kazakhstan,KAZ,2004,-126.09711
Kazakhstan,KAZ,2005,-134.00548
Kazakhstan,KAZ,2006,-109.96655
Kazakhstan,KAZ,2007,-99.642334
Kazakhstan,KAZ,2008,-107.133125
Kazakhstan,KAZ,2009,-133.33151
Kazakhstan,KAZ,2010,-123.58702
Kazakhstan,KAZ,2011,-109.268196
Kazakhstan,KAZ,2012,-119.07554
Kazakhstan,KAZ,2013,-104.743996
Kazakhstan,KAZ,2014,-146.04279
Kazakhstan,KAZ,2015,-163.24144
Kazakhstan,KAZ,2016,-138.72002
Kazakhstan,KAZ,2017,-159.18375
Kazakhstan,KAZ,2018,-138.05278
Kazakhstan,KAZ,2019,-129.4511
Kazakhstan,KAZ,2020,-140.24841
Kazakhstan,KAZ,2021,-129.86803
Kazakhstan,KAZ,2022,-122.015564
Kenya,KEN,1990,20.743956
Kenya,KEN,1991,19.4479
Kenya,KEN,1992,19.42611
Kenya,KEN,1993,21.22041
Kenya,KEN,1994,21.354578
Kenya,KEN,1995,18.857815
Kenya,KEN,1996,17.940935
Kenya,KEN,1997,21.216438
Kenya,KEN,1998,24.15312
Kenya,KEN,1999,24.652185
Kenya,KEN,2000,25.669567
Kenya,KEN,2001,22.615635
Kenya,KEN,2002,19.115307
Kenya,KEN,2003,16.76097
Kenya,KEN,2004,20.398914
Kenya,KEN,2005,20.168383
Kenya,KEN,2006,20.762901
Kenya,KEN,2007,20.326223
Kenya,KEN,2008,21.521093
Kenya,KEN,2009,22.63758
Kenya,KEN,2010,22.55788
Kenya,KEN,2011,22.999882
Kenya,KEN,2012,20.946026
Kenya,KEN,2013,20.372988
Kenya,KEN,2014,21.250975
Kenya,KEN,2015,21.593433
Kenya,KEN,2016,22.249636
Kenya,KEN,2017,23.22572
Kenya,KEN,2018,23.193024
Kenya,KEN,2019,22.987364
Kenya,KEN,2020,21.198494
Kenya,KEN,2021,22.807837
Kenya,KEN,2022,22.490868
Kenya,KEN,2023,22.555916
Kuwait,KWT,1990,-457.3981
Kuwait,KWT,1991,-291.30823
Kuwait,KWT,1992,-577.59393
Kuwait,KWT,1993,-767.2596
Kuwait,KWT,1994,-687.55316
Kuwait,KWT,1995,-674.4726
Kuwait,KWT,1996,-689.1794
Kuwait,KWT,1997,-679.8375
Kuwait,KWT,1998,-597.28864
Kuwait,KWT,1999,-497.21744
Kuwait,KWT,2000,-513.18097
Kuwait,KWT,2001,-462.5713
Kuwait,KWT,2002,-401.25647
Kuwait,KWT,2003,-460.65472
Kuwait,KWT,2004,-452.2436
Kuwait,KWT,2009,-341.33713
Kuwait,KWT,2010,-308.02158
Kuwait,KWT,2011,-370.74527
Kuwait,KWT,2012,-397.64212
Kuwait,KWT,2013,-399.28577
Kuwait,KWT,2014,-427.52322
Kuwait,KWT,2015,-356.9593
Kuwait,KWT,2016,-357.43112
Kuwait,KWT,2017,-316.1917
Kuwait,KWT,2018,-301.77313
Kuwait,KWT,2019,-338.02167
Kuwait,KWT,2020,-295.7731
Kuwait,KWT,2021,-309.06918
Kuwait,KWT,2022,-283.09662
Kyrgyzstan,KGZ,1990,67.76181
Kyrgyzstan,KGZ,1991,65.1821
Kyrgyzstan,KGZ,1992,64.73322
Kyrgyzstan,KGZ,1993,59.64727
Kyrgyzstan,KGZ,1994,48.006702
Kyrgyzstan,KGZ,1995,52.70782
Kyrgyzstan,KGZ,1996,56.962803
Kyrgyzstan,KGZ,1997,48.00372
Kyrgyzstan,KGZ,1998,61.64367
Kyrgyzstan,KGZ,1999,45.98188
Kyrgyzstan,KGZ,2000,40.55602
Kyrgyzstan,KGZ,2001,38.17386
Kyrgyzstan,KGZ,2002,53.872627
Kyrgyzstan,KGZ,2003,49.598896
Kyrgyzstan,KGZ,2004,49.6551
Kyrgyzstan,KGZ,2005,53.86
Kyrgyzstan,KGZ,2006,60.86444
Kyrgyzstan,KGZ,2007,62.937084
Kyrgyzstan,KGZ,2008,74.60363
Kyrgyzstan,KGZ,2009,70.28916
Kyrgyzstan,KGZ,2010,64.8033
Kyrgyzstan,KGZ,2011,50.67825
Kyrgyzstan,KGZ,2012,60.576416
Kyrgyzstan,KGZ,2013,57.60444
Kyrgyzstan,KGZ,2014,54.1019
Kyrgyzstan,KGZ,2015,64.686264
Kyrgyzstan,KGZ,2016,52.826683
Kyrgyzstan,KGZ,2017,48.955227
Kyrgyzstan,KGZ,2018,48.161934
Kyrgyzstan,KGZ,2019,38.862476
Kyrgyzstan,KGZ,2020,40.245144
Kyrgyzstan,KGZ,2021,40.61423
Kyrgyzstan,KGZ,2022,33.781567
Laos,LAO,2000,2.3675127
Laos,LAO,2001,3.351995
Laos,LAO,2002,4.038247
Laos,LAO,2003,6.843939
Laos,LAO,2004,6.2433643
Laos,LAO,2005,6.427247
Laos,LAO,2006,11.834231
Laos,LAO,2007,14.385272
Laos,LAO,2008,14.252698
Laos,LAO,2009,18.987135
Laos,LAO,2010,3.4066732
Laos,LAO,2011,-9.5772085
Laos,LAO,2012,-5.810015
Laos,LAO,2013,-8.675829
Laos,LAO,2014,-5.3121915
Laos,LAO,2015,3.8541589
Laos,LAO,2016,-10.496567
Laos,LAO,2017,-18.444086
Laos,LAO,2018,-21.792894
Laos,LAO,2019,-20.588594
Laos,LAO,2020,-39.72554
Laos,LAO,2021,-46.22362
Laos,LAO,2022,-49.021355
Latin America and Caribbean (WB),,1990,-35.954514
Latin America and Caribbean (WB),,1991,-13.724723
Latin America and Caribbean (WB),,1992,-12.454345
Latin America and Caribbean (WB),,1993,-12.420166
Latin America and Caribbean (WB),,1994,-10.914667
Latin America and Caribbean (WB),,1995,-12.539474
Latin America and Caribbean (WB),,1996,-43.029408
Latin America and Caribbean (WB),,1997,-13.37262
Latin America and Caribbean (WB),,1998,-43.197205
Latin America and Caribbean (WB),,1999,-38.828903
Latin America and Caribbean (WB),,2000,-41.04957
Latin America and Caribbean (WB),,2001,-44.083427
Latin America and Caribbean (WB),,2002,-40.088745
Latin America and Caribbean (WB),,2003,-41.48744
Latin America and Caribbean (WB),,2004,-43.169567
Latin America and Caribbean (WB),,2005,-43.416515
Latin America and Caribbean (WB),,2006,-40.257637
Latin America and Caribbean (WB),,2007,-34.642296
Latin America and Caribbean (WB),,2008,-31.957241
Latin America and Caribbean (WB),,2009,-31.942135
Latin America and Caribbean (WB),,2010,-27.51
Latin America and Caribbean (WB),,2011,-27.315493
Latin America and Caribbean (WB),,2012,-23.359282
Latin America and Caribbean (WB),,2013,-18.953035
Latin America and Caribbean (WB),,2014,-20.140425
Latin America and Caribbean (WB),,2015,-18.02043
Latin America and Caribbean (WB),,2016,-17.159256
Latin America and Caribbean (WB),,2017,-16.031813
Latin America and Caribbean (WB),,2018,-12.010899
Latin America and Caribbean (WB),,2019,-8.057514
Latin America and Caribbean (WB),,2020,-12.169147
Latin America and Caribbean (WB),,2021,-3.341095
Latin America and Caribbean (WB),,2022,-4.464778
Latin America and Caribbean (WB),,2023,-7.4645457
Latvia,LVA,1990,94.63694
Latvia,LVA,1991,88.042946
Latvia,LVA,1992,90.16649
Latvia,LVA,1993,74.262955
Latvia,LVA,1994,76.823296
Latvia,LVA,1995,73.09813
Latvia,LVA,1996,76.42557
Latvia,LVA,1997,61.626728
Latvia,LVA,1998,61.272118
Latvia,LVA,1999,56.421078
Latvia,LVA,2000,61.533714
Latvia,LVA,2001,62.508495
Latvia,LVA,2002,62.190224
Latvia,LVA,2003,66.64218
Latvia,LVA,2004,73.36702
Latvia,LVA,2005,68.44176
Latvia,LVA,2006,70.484924
Latvia,LVA,2007,65.8918
Latvia,LVA,2008,62.733418
Latvia,LVA,2009,65.51228
Latvia,LVA,2010,49.20639
Latvia,LVA,2011,64.47019
Latvia,LVA,2012,60.91111
Latvia,LVA,2013,60.480064
Latvia,LVA,2014,43.70739
Latvia,LVA,2015,55.53296
Latvia,LVA,2016,52.08185
Latvia,LVA,2017,48.188683
Latvia,LVA,2018,46.265423
Latvia,LVA,2019,48.441612
Latvia,LVA,2020,48.611893
Latvia,LVA,2021,41.03043
Latvia,LVA,2022,41.34937
Latvia,LVA,2023,33.82712
Lebanon,LBN,2013,100.192764
Lebanon,LBN,2017,100.79001
Lebanon,LBN,2018,100.73342
Lebanon,LBN,2019,100.206024
Lebanon,LBN,2020,97.5328
Lebanon,LBN,2021,97.961754
Lebanon,LBN,2022,96.92346
Libya,LBY,1990,-551.62305
Libya,LBY,1991,-617.3657
Libya,LBY,1992,-588.7819
Libya,LBY,1993,-530.27234
Libya,LBY,1994,-464.4564
Libya,LBY,1995,-449.39526
Libya,LBY,1996,-428.53268
Libya,LBY,1997,-427.4331
Libya,LBY,1998,-429.49893
Libya,LBY,1999,-382.27393
Libya,LBY,2000,-378.5103
Libya,LBY,2001,-351.55118
Libya,LBY,2002,-337.41617
Libya,LBY,2003,-368.64105
Libya,LBY,2004,-419.06772
Libya,LBY,2005,-436.8278
Libya,LBY,2006,-534.2475
Libya,LBY,2007,-645.4775
Libya,LBY,2008,-562.9685
Libya,LBY,2009,-466.66873
Libya,LBY,2010,-404.4837
Libya,LBY,2011,-95.19392
Libya,LBY,2012,-366.89178
Libya,LBY,2013,-282.82257
Libya,LBY,2014,-74.02166
Libya,LBY,2015,-78.20254
Libya,LBY,2016,-75.233246
Libya,LBY,2017,-172.41731
Libya,LBY,2018,-249.99635
Libya,LBY,2019,-228.66016
Libya,LBY,2020,-143.17726
Libya,LBY,2021,-328.08093
Libya,LBY,2022,-249.727
Lithuania,LTU,1990,72.414444
Lithuania,LTU,1991,72.0409
Lithuania,LTU,1992,62.41041
Lithuania,LTU,1993,57.61081
Lithuania,LTU,1994,66.014885
Lithuania,LTU,1995,63.9125
Lithuania,LTU,1996,52.99087
Lithuania,LTU,1997,55.497837
Lithuania,LTU,1998,49.92767
Lithuania,LTU,1999,53.475533
Lithuania,LTU,2000,59.115734
Lithuania,LTU,2001,46.78438
Lithuania,LTU,2002,41.68144
Lithuania,LTU,2003,43.708
Lithuania,LTU,2004,46.61469
Lithuania,LTU,2005,57.107178
Lithuania,LTU,2006,62.382565
Lithuania,LTU,2007,61.06401
Lithuania,LTU,2008,57.90094
Lithuania,LTU,2009,49.99101
Lithuania,LTU,2010,81.93434
Lithuania,LTU,2011,81.49745
Lithuania,LTU,2012,80.09641
Lithuania,LTU,2013,78.011986
Lithuania,LTU,2014,76.530235
Lithuania,LTU,2015,77.68355
Lithuania,LTU,2016,78.03493
Lithuania,LTU,2017,75.129196
Lithuania,LTU,2018,77.73757
Lithuania,LTU,2019,79.09286
Lithuania,LTU,2020,77.86383
Lithuania,LTU,2021,76.38425
Lithuania,LTU,2022,75.91957
Lithuania,LTU,2023,72.13232
Low-income countries,,1990,-15.33083
Low-income countries,,1991,-20.941727
Low-income countries,,1992,-20.480925
Low-income countries,,1993,-26.248592
Low-income countries,,1994,-39.99338
Low-income countries,,1995,-40.202335
Low-income countries,,1996,-40.317547
Low-income countries,,1997,-40.611263
Low-income countries,,1998,-41.59806
Low-income countries,,1999,-37.193245
Low-income countries,,2000,-42.93589
Low-income countries,,2001,-45.307953
Low-income countries,,2002,-50.501167
Low-income countries,,2003,-43.89027
Low-income countries,,2004,-42.534946
Low-income countries,,2005,-36.952778
Low-income countries,,2006,-30.777435
Low-income countries,,2007,-36.061485
Low-income countries,,2008,-30.80147
Low-income countries,,2009,-31.124018
Low-income countries,,2010,-38.165348
Low-income countries,,2011,-40.1536
Low-income countries,,2012,-18.536968
Low-income countries,,2013,-23.072279
Low-income countries,,2014,-17.140396
Low-income countries,,2015,-12.443168
Low-income countries,,2016,-12.617807
Low-income countries,,2017,-7.6393185
Low-income countries,,2018,-6.505687
Low-income countries,,2019,-6.3966465
Low-income countries,,2020,-4.3158784
Low-income countries,,2021,-4.3721223
Low-income countries,,2022,-6.3691907
Lower-middle-income countries,,1990,-8.572324
Lower-middle-income countries,,1991,-8.2315855
Lower-middle-income countries,,1992,-8.394855
Lower-middle-income countries,,1993,-7.751747
Lower-middle-income countries,,1994,-8.441378
Lower-middle-income countries,,1995,-8.196278
Lower-middle-income countries,,1996,-7.1957517
Lower-middle-income countries,,1997,-6.9725842
Lower-middle-income countries,,1998,-4.198764
Lower-middle-income countries,,1999,-3.0015671
Lower-middle-income countries,,2000,-3.2170918
Lower-middle-income countries,,2001,-3.159469
Lower-middle-income countries,,2002,-2.4391305
Lower-middle-income countries,,2003,-3.612652
Lower-middle-income countries,,2004,-5.770751
Lower-middle-income countries,,2005,-6.15873
Lower-middle-income countries,,2006,-5.592172
Lower-middle-income countries,,2007,-4.7696843
Lower-middle-income countries,,2008,-2.0977306
Lower-middle-income countries,,2009,-0.5585798
Lower-middle-income countries,,2010,1.6320809
Lower-middle-income countries,,2011,4.7691336
Lower-middle-income countries,,2012,5.75604
Lower-middle-income countries,,2013,9.418306
Lower-middle-income countries,,2014,12.682575
Lower-middle-income countries,,2015,14.073252
Lower-middle-income countries,,2016,17.234272
Lower-middle-income countries,,2017,18.193243
Lower-middle-income countries,,2018,18.689537
Lower-middle-income countries,,2019,20.131672
Lower-middle-income countries,,2020,21.97737
Lower-middle-income countries,,2021,22.481083
Lower-middle-income countries,,2022,24.627493
Lower-middle-income countries,,2023,22.555916
Luxembourg,LUX,1990,103.36423
Luxembourg,LUX,1991,102.312035
Luxembourg,LUX,1992,103.12529
Luxembourg,LUX,1993,101.834404
Luxembourg,LUX,1994,103.40616
Luxembourg,LUX,1995,103.58492
Luxembourg,LUX,1996,105.77402
Luxembourg,LUX,1997,106.44423
Luxembourg,LUX,1998,108.83553
Luxembourg,LUX,1999,107.386734
Luxembourg,LUX,2000,109.12135
Luxembourg,LUX,2001,106.94483
Luxembourg,LUX,2002,108.71661
Luxembourg,LUX,2003,108.33993
Luxembourg,LUX,2004,107.58474
Luxembourg,LUX,2005,106.9725
Luxembourg,LUX,2006,107.403305
Luxembourg,LUX,2007,106.64377
Luxembourg,LUX,2008,107.56973
Luxembourg,LUX,2009,107.84771
Luxembourg,LUX,2010,106.959854
Luxembourg,LUX,2011,106.67661
Luxembourg,LUX,2012,106.35829
Luxembourg,LUX,2013,106.22906
Luxembourg,LUX,2014,106.88749
Luxembourg,LUX,2015,107.74511
Luxembourg,LUX,2016,109.55505
Luxembourg,LUX,2017,110.17268
Luxembourg,LUX,2018,110.18833
Luxembourg,LUX,2019,109.51081
Luxembourg,LUX,2020,107.16949
Luxembourg,LUX,2021,108.5538
Luxembourg,LUX,2022,110.05041
Luxembourg,LUX,2023,106.28766
Madagascar,MDG,1990,12.485439
Madagascar,MDG,1991,13.378417
Madagascar,MDG,1992,12.706497
Madagascar,MDG,1993,12.677836
Madagascar,MDG,1994,16.302336
Madagascar,MDG,1995,13.05142
Madagascar,MDG,1996,14.106297
Madagascar,MDG,1997,14.964017
Madagascar,MDG,1998,16.407091
Madagascar,MDG,1999,15.3608
Madagascar,MDG,2000,15.906688
Madagascar,MDG,2001,15.3131485
Madagascar,MDG,2002,11.381809
Madagascar,MDG,2003,11.931268
Madagascar,MDG,2004,11.639574
Madagascar,MDG,2005,12.623092
Madagascar,MDG,2017,13.700649
Malaysia,MYS,1990,-121.97082
Malaysia,MYS,1991,-94.66564
Malaysia,MYS,1992,-85.45406
Malaysia,MYS,1993,-73.07601
Malaysia,MYS,1994,-77.95478
Malaysia,MYS,1995,-83.411514
Malaysia,MYS,1996,-81.812195
Malaysia,MYS,1997,-64.15105
Malaysia,MYS,1998,-73.57951
Malaysia,MYS,1999,-67.98631
Malaysia,MYS,2000,-56.70905
Malaysia,MYS,2001,-51.95575
Malaysia,MYS,2002,-52.47972
Malaysia,MYS,2003,-50.441784
Malaysia,MYS,2004,-48.07805
Malaysia,MYS,2005,-43.77821
Malaysia,MYS,2006,-38.718914
Malaysia,MYS,2007,-29.753935
Malaysia,MYS,2008,-25.4812
Malaysia,MYS,2009,-26.477673
Malaysia,MYS,2010,-19.484083
Malaysia,MYS,2011,-9.86348
Malaysia,MYS,2012,-10.728787
Malaysia,MYS,2013,-1.0219604
Malaysia,MYS,2014,-1.316749
Malaysia,MYS,2015,-9.786097
Malaysia,MYS,2016,-8.093859
Malaysia,MYS,2017,-9.466197
Malaysia,MYS,2018,-2.3163285
Malaysia,MYS,2019,0.41944176
Malaysia,MYS,2020,1.4599273
Malaysia,MYS,2021,-0.73979783
Malaysia,MYS,2022,-0.5787267
Malta,MLT,2009,251.62294
Malta,MLT,2010,282.24368
Malta,MLT,2011,276.2351
Malta,MLT,2012,247.82985
Malta,MLT,2013,276.57986
Malta,MLT,2014,264.1637
Malta,MLT,2015,347.15182
Malta,MLT,2016,419.0585
Malta,MLT,2017,450.18146
Malta,MLT,2018,437.4965
Malta,MLT,2019,424.20782
Malta,MLT,2020,417.46274
Malta,MLT,2021,376.54617
Malta,MLT,2022,389.55283
Mexico,MEX,1990,-56.530228
Mexico,MEX,1991,-56.01445
Mexico,MEX,1992,-53.941143
Mexico,MEX,1993,-54.07471
Mexico,MEX,1994,-48.807014
Mexico,MEX,1995,-52.552406
Mexico,MEX,1996,-56.340954
Mexico,MEX,1997,-56.854256
Mexico,MEX,1998,-52.920925
Mexico,MEX,1999,-47.173355
Mexico,MEX,2000,-47.963135
Mexico,MEX,2001,-47.942932
Mexico,MEX,2002,-49.554966
Mexico,MEX,2003,-51.945656
Mexico,MEX,2004,-51.682526
Mexico,MEX,2005,-44.076813
Mexico,MEX,2006,-40.64559
Mexico,MEX,2007,-34.551445
Mexico,MEX,2008,-26.018906
Mexico,MEX,2009,-23.237604
Mexico,MEX,2010,-22.601774
Mexico,MEX,2011,-17.743103
Mexico,MEX,2012,-11.789029
Mexico,MEX,2013,-10.506093
Mexico,MEX,2014,-7.9342594
Mexico,MEX,2015,-0.84483594
Mexico,MEX,2016,4.975298
Mexico,MEX,2017,11.54474
Mexico,MEX,2018,16.910204
Mexico,MEX,2019,18.437504
Mexico,MEX,2020,11.02245
Mexico,MEX,2021,15.518606
Mexico,MEX,2022,16.273052
Mexico,MEX,2023,13.87951
"Middle East, North Africa, Afghanistan and Pakistan (WB)",,1990,-249.97258
"Middle East, North Africa, Afghanistan and Pakistan (WB)",,1991,-233.93462
"Middle East, North Africa, Afghanistan and Pakistan (WB)",,1992,-230.28459
"Middle East, North Africa, Afghanistan and Pakistan (WB)",,1993,-224.08685
"Middle East, North Africa, Afghanistan and Pakistan (WB)",,1994,-211.1278
"Middle East, North Africa, Afghanistan and Pakistan (WB)",,1995,-207.82404
"Middle East, North Africa, Afghanistan and Pakistan (WB)",,1996,-202.49808
"Middle East, North Africa, Afghanistan and Pakistan (WB)",,1997,-199.63849
"Middle East, North Africa, Afghanistan and Pakistan (WB)",,1998,-208.46602
"Middle East, North Africa, Afghanistan and Pakistan (WB)",,1999,-195.82549
"Middle East, North Africa, Afghanistan and Pakistan (WB)",,2000,-201.84259
"Middle East, North Africa, Afghanistan and Pakistan (WB)",,2001,-179.06128
"Middle East, North Africa, Afghanistan and Pakistan (WB)",,2002,-161.75934
"Middle East, North Africa, Afghanistan and Pakistan (WB)",,2003,-167.1625
"Middle East, North Africa, Afghanistan and Pakistan (WB)",,2004,-177.54158
"Middle East, North Africa, Afghanistan and Pakistan (WB)",,2005,-159.47673
"Middle East, North Africa, Afghanistan and Pakistan (WB)",,2006,-149.30774
"Middle East, North Africa, Afghanistan and Pakistan (WB)",,2007,-138.51117
"Middle East, North Africa, Afghanistan and Pakistan (WB)",,2008,-133.26866
"Middle East, North Africa, Afghanistan and Pakistan (WB)",,2009,-125.607635
"Middle East, North Africa, Afghanistan and Pakistan (WB)",,2010,-125.652214
"Middle East, North Africa, Afghanistan and Pakistan (WB)",,2011,-129.7704
"Middle East, North Africa, Afghanistan and Pakistan (WB)",,2012,-127.39979
"Middle East, North Africa, Afghanistan and Pakistan (WB)",,2013,-120.947556
"Middle East, North Africa, Afghanistan and Pakistan (WB)",,2014,-108.4418
"Middle East, North Africa, Afghanistan and Pakistan (WB)",,2015,-111.1671
"Middle East, North Africa, Afghanistan and Pakistan (WB)",,2016,-120.72778
"Middle East, North Africa, Afghanistan and Pakistan (WB)",,2017,-111.99868
"Middle East, North Africa, Afghanistan and Pakistan (WB)",,2018,-115.802086
"Middle East, North Africa, Afghanistan and Pakistan (WB)",,2019,-107.408646
"Middle East, North Africa, Afghanistan and Pakistan (WB)",,2020,-97.1749
"Middle East, North Africa, Afghanistan and Pakistan (WB)",,2021,-96.33427
"Middle East, North Africa, Afghanistan and Pakistan (WB)",,2022,-102.390526
"Middle East, North Africa, Afghanistan and Pakistan (WB)",,2023,14.091587
Moldova,MDA,1990,99.9633
Moldova,MDA,1991,99.40026
Moldova,MDA,1992,98.160545
Moldova,MDA,1993,93.722115
Moldova,MDA,1995,99.483215
Moldova,MDA,1996,94.558304
Moldova,MDA,1997,100.50159
Moldova,MDA,2002,96.87189
Moldova,MDA,2003,98.15641
Moldova,MDA,2004,96.68185
Moldova,MDA,2005,97.08518
Moldova,MDA,2006,96.522156
Moldova,MDA,2007,98.067375
Moldova,MDA,2008,97.11712
Moldova,MDA,2009,96.95936
Moldova,MDA,2010,84.37183
Moldova,MDA,2011,85.64006
Moldova,MDA,2012,84.01591
Moldova,MDA,2013,82.42622
Moldova,MDA,2014,81.78713
Moldova,MDA,2015,82.57353
Moldova,MDA,2016,81.907104
Moldova,MDA,2017,80.88196
Moldova,MDA,2018,81.97782
Moldova,MDA,2019,84.15872
Moldova,MDA,2020,84.09632
Moldova,MDA,2021,83.75022
Moldova,MDA,2022,86.5634
Mongolia,MNG,1990,20.538467
Mongolia,MNG,1991,14.415801
Mongolia,MNG,1992,12.908653
Mongolia,MNG,1995,18.033821
Mongolia,MNG,1996,19.477495
Mongolia,MNG,1997,20.468113
Mongolia,MNG,1998,20.635647
Mongolia,MNG,1999,19.373491
Mongolia,MNG,2000,20.20956
Mongolia,MNG,2001,20.012814
Mongolia,MNG,2002,19.525715
Mongolia,MNG,2003,21.557377
Mongolia,MNG,2004,22.820683
Mongolia,MNG,2005,-29.702202
Mongolia,MNG,2006,-30.653938
Mongolia,MNG,2007,-42.20132
Mongolia,MNG,2008,-58.498676
Mongolia,MNG,2009,-117.29551
Mongolia,MNG,2010,-277.86145
Mongolia,MNG,2011,-247.8712
Mongolia,MNG,2012,-300.9508
Mongolia,MNG,2013,-231.99548
Mongolia,MNG,2014,-248.65619
Mongolia,MNG,2015,-210.64977
Mongolia,MNG,2016,-327.32474
Mongolia,MNG,2017,-374.49136
Mongolia,MNG,2018,-364.04724
Mongolia,MNG,2019,-269.08597
Mongolia,MNG,2020,-224.96556
Mongolia,MNG,2021,-115.040085
Mongolia,MNG,2022,-226.42703
Montenegro,MNE,2005,42.69245
Montenegro,MNE,2006,45.40413
Montenegro,MNE,2007,54.582478
Montenegro,MNE,2008,46.49358
Montenegro,MNE,2009,43.098824
Montenegro,MNE,2010,26.491146
Montenegro,MNE,2011,36.556694
Montenegro,MNE,2012,34.659348
Montenegro,MNE,2013,23.699535
Montenegro,MNE,2014,30.414574
Montenegro,MNE,2015,30.542143
Montenegro,MNE,2016,35.351
Montenegro,MNE,2017,41.338436
Montenegro,MNE,2018,31.822206
Montenegro,MNE,2019,33.689358
Montenegro,MNE,2020,27.653389
Montenegro,MNE,2021,31.527811
Montenegro,MNE,2022,29.62319
Morocco,MAR,1990,85.346596
Morocco,MAR,1991,81.28936
Morocco,MAR,1992,88.06127
Morocco,MAR,1993,86.29584
Morocco,MAR,1994,87.4605
Morocco,MAR,1995,88.34463
Morocco,MAR,1996,84.64968
Morocco,MAR,1997,89.25038
Morocco,MAR,1998,89.33751
Morocco,MAR,1999,88.020805
Morocco,MAR,2000,90.1371
Morocco,MAR,2001,94.80127
Morocco,MAR,2002,88.15746
Morocco,MAR,2003,91.41625
Morocco,MAR,2004,83.34307
Morocco,MAR,2005,86.81927
Morocco,MAR,2006,87.45849
Morocco,MAR,2007,91.89761
Morocco,MAR,2008,89.61858
Morocco,MAR,2009,93.605034
Morocco,MAR,2010,95.92709
Morocco,MAR,2011,95.43553
Morocco,MAR,2012,103.80376
Morocco,MAR,2013,99.66103
Morocco,MAR,2014,102.78752
Morocco,MAR,2015,96.03665
Morocco,MAR,2016,94.925095
Morocco,MAR,2017,95.12793
Morocco,MAR,2018,96.28683
Morocco,MAR,2019,92.427284
Morocco,MAR,2020,90.73217
Morocco,MAR,2021,91.30866
Morocco,MAR,2022,94.002014
Mozambique,MOZ,1990,6.3472753
Mozambique,MOZ,1991,5.857265
Mozambique,MOZ,1992,6.3294344
Mozambique,MOZ,1993,6.698352
Mozambique,MOZ,1994,6.3539643
Mozambique,MOZ,1995,6.3365483
Mozambique,MOZ,1996,6.0480285
Mozambique,MOZ,1997,6.250843
Mozambique,MOZ,1998,1.3040931
Mozambique,MOZ,1999,-2.1277342
Mozambique,MOZ,2000,-0.2694557
Mozambique,MOZ,2001,0.92847806
Mozambique,MOZ,2002,-0.9538344
Mozambique,MOZ,2003,5.2835994
Mozambique,MOZ,2004,-7.391115
Mozambique,MOZ,2005,-18.02918
Mozambique,MOZ,2006,-20.99052
Mozambique,MOZ,2007,-25.03174
Mozambique,MOZ,2008,-27.67104
Mozambique,MOZ,2009,-25.20917
Mozambique,MOZ,2010,-28.806133
Mozambique,MOZ,2011,-21.513672
Mozambique,MOZ,2012,-32.040176
Mozambique,MOZ,2013,-38.854847
Mozambique,MOZ,2014,-44.254345
Mozambique,MOZ,2015,-44.355366
Mozambique,MOZ,2016,-73.74722
Mozambique,MOZ,2017,-123.059395
Mozambique,MOZ,2018,-110.81296
Mozambique,MOZ,2019,-82.456795
Mozambique,MOZ,2020,-63.540993
Mozambique,MOZ,2021,-74.31143
Mozambique,MOZ,2022,-106.352425
Myanmar,MMR,1990,0.0845248
Myanmar,MMR,1991,0.8211409
Myanmar,MMR,1992,1.6627738
Myanmar,MMR,1993,2.6476283
Myanmar,MMR,1994,3.3470125
Myanmar,MMR,1995,5.5721154
Myanmar,MMR,1996,5.718138
Myanmar,MMR,1997,7.839645
Myanmar,MMR,1998,2.2855306
Myanmar,MMR,1999,-9.347707
Myanmar,MMR,2000,-20.456743
Myanmar,MMR,2001,-26.110851
Myanmar,MMR,2002,-28.80726
Myanmar,MMR,2003,-30.947554
Myanmar,MMR,2004,-36.293518
Myanmar,MMR,2005,-49.471924
Myanmar,MMR,2006,-49.464237
Myanmar,MMR,2007,-50.241825
Myanmar,MMR,2008,-49.932816
Myanmar,MMR,2009,-54.236065
Myanmar,MMR,2010,-63.347748
Myanmar,MMR,2011,-60.709038
Myanmar,MMR,2012,-48.01647
Myanmar,MMR,2013,-41.595196
Myanmar,MMR,2014,-43.45113
Myanmar,MMR,2015,-49.938885
Myanmar,MMR,2016,-45.85343
Myanmar,MMR,2017,-26.82572
Myanmar,MMR,2018,-21.452961
Myanmar,MMR,2019,-23.663233
Myanmar,MMR,2020,-21.885313
Myanmar,MMR,2021,-26.925137
Myanmar,MMR,2022,-19.025953
Namibia,NAM,1991,59.924637
Namibia,NAM,1992,64.244835
Namibia,NAM,1993,68.73126
Namibia,NAM,1994,74.847725
Namibia,NAM,1995,71.0466
Namibia,NAM,1996,75.759705
Namibia,NAM,1997,77.46338
Namibia,NAM,1998,74.89691
Namibia,NAM,1999,73.33057
Namibia,NAM,2000,68.65702
Namibia,NAM,2001,72.80262
Namibia,NAM,2002,68.9351
Namibia,NAM,2003,70.740395
Namibia,NAM,2004,69.03021
Namibia,NAM,2005,69.12596
Namibia,NAM,2006,70.02336
Namibia,NAM,2007,69.30468
Namibia,NAM,2008,70.101234
Namibia,NAM,2009,70.96597
Namibia,NAM,2010,75.53256
Namibia,NAM,2011,75.646126
Namibia,NAM,2012,73.55421
Namibia,NAM,2013,76.67551
Namibia,NAM,2014,74.66403
Namibia,NAM,2015,77.54128
Namibia,NAM,2016,76.78571
Namibia,NAM,2017,73.89294
Namibia,NAM,2018,77.54212
Namibia,NAM,2019,71.53412
Namibia,NAM,2020,63.897133
Namibia,NAM,2021,65.49142
Namibia,NAM,2022,60.499897
Nepal,NPL,1990,5.268868
Nepal,NPL,1991,6.319049
Nepal,NPL,1992,6.7546377
Nepal,NPL,1993,7.1969023
Nepal,NPL,1994,8.46463
Nepal,NPL,1995,9.069819
Nepal,NPL,1996,9.349886
Nepal,NPL,1997,10.454839
Nepal,NPL,1998,10.799976
Nepal,NPL,1999,13.324378
Nepal,NPL,2000,12.653015
Nepal,NPL,2001,12.8680315
Nepal,NPL,2002,10.586417
Nepal,NPL,2003,10.98251
Nepal,NPL,2004,10.424271
Nepal,NPL,2005,11.432225
Nepal,NPL,2006,9.54477
Nepal,NPL,2007,9.5066805
Nepal,NPL,2008,10.691648
Nepal,NPL,2009,12.104064
Nepal,NPL,2010,13.851962
Nepal,NPL,2011,14.39117
Nepal,NPL,2012,17.198088
Nepal,NPL,2013,16.926275
Nepal,NPL,2014,18.539766
Nepal,NPL,2015,16.842348
Nepal,NPL,2016,23.06347
Nepal,NPL,2017,25.907526
Nepal,NPL,2018,28.05657
Nepal,NPL,2019,26.82845
Nepal,NPL,2020,29.159634
Nepal,NPL,2021,29.261225
Nepal,NPL,2022,27.413725
Netherlands,NLD,1990,27.67814
Netherlands,NLD,1991,22.167578
Netherlands,NLD,1992,22.516558
Netherlands,NLD,1993,20.922642
Netherlands,NLD,1994,26.409313
Netherlands,NLD,1995,24.395004
Netherlands,NLD,1996,20.840696
Netherlands,NLD,1997,31.224106
Netherlands,NLD,1998,34.670532
Netherlands,NLD,1999,37.587955
Netherlands,NLD,2000,46.482048
Netherlands,NLD,2001,42.009293
Netherlands,NLD,2002,42.74944
Netherlands,NLD,2003,46.518875
Netherlands,NLD,2004,39.061268
Netherlands,NLD,2005,46.54274
Netherlands,NLD,2006,48.125328
Netherlands,NLD,2007,47.041386
Netherlands,NLD,2008,41.978996
Netherlands,NLD,2009,41.843166
Netherlands,NLD,2010,34.041782
Netherlands,NLD,2011,36.308395
Netherlands,NLD,2012,37.26481
Netherlands,NLD,2013,28.843922
Netherlands,NLD,2014,38.135036
Netherlands,NLD,2015,55.79215
Netherlands,NLD,2016,54.14508
Netherlands,NLD,2017,60.33
Netherlands,NLD,2018,69.11254
Netherlands,NLD,2019,78.3499
Netherlands,NLD,2020,81.88764
Netherlands,NLD,2021,69.94918
Netherlands,NLD,2022,98.94288
Netherlands,NLD,2023,87.63071
New Zealand,NZL,1990,16.327002
New Zealand,NZL,1991,14.3625345
New Zealand,NZL,1992,14.875828
New Zealand,NZL,1993,14.233878
New Zealand,NZL,1994,18.7566
New Zealand,NZL,1995,20.355743
New Zealand,NZL,1996,18.081553
New Zealand,NZL,1997,16.350689
New Zealand,NZL,1998,21.467323
New Zealand,NZL,1999,20.538721
New Zealand,NZL,2000,19.641722
New Zealand,NZL,2001,19.485016
New Zealand,NZL,2002,21.646305
New Zealand,NZL,2003,26.160448
New Zealand,NZL,2004,30.609299
New Zealand,NZL,2005,29.256748
New Zealand,NZL,2006,28.515995
New Zealand,NZL,2007,25.402225
New Zealand,NZL,2008,17.03576
New Zealand,NZL,2009,19.663918
New Zealand,NZL,2010,16.133574
New Zealand,NZL,2011,19.075472
New Zealand,NZL,2012,19.770222
New Zealand,NZL,2013,24.253733
New Zealand,NZL,2014,22.53655
New Zealand,NZL,2015,23.906696
New Zealand,NZL,2016,28.745922
New Zealand,NZL,2017,28.813019
New Zealand,NZL,2018,33.233803
New Zealand,NZL,2019,31.737041
New Zealand,NZL,2020,30.48897
New Zealand,NZL,2021,29.324045
New Zealand,NZL,2022,28.88541
New Zealand,NZL,2023,31.53317
Nicaragua,NIC,1990,31.656448
Nicaragua,NIC,1991,29.798574
Nicaragua,NIC,1992,34.392365
Nicaragua,NIC,1993,34.036816
Nicaragua,NIC,1994,31.384932
Nicaragua,NIC,1995,38.649685
Nicaragua,NIC,1996,40.810688
Nicaragua,NIC,1997,40.585392
Nicaragua,NIC,1998,46.72639
Nicaragua,NIC,1999,45.41835
Nicaragua,NIC,2000,46.05362
Nicaragua,NIC,2001,50.26557
Nicaragua,NIC,2002,48.441486
Nicaragua,NIC,2003,51.529343
Nicaragua,NIC,2004,47.838318
Nicaragua,NIC,2005,47.799465
Nicaragua,NIC,2006,49.54812
Nicaragua,NIC,2007,50.35906
Nicaragua,NIC,2008,45.01384
Nicaragua,NIC,2009,47.61736
Nicaragua,NIC,2010,43.561333
Nicaragua,NIC,2011,51.180702
Nicaragua,NIC,2012,43.831
Nicaragua,NIC,2013,42.735676
Nicaragua,NIC,2014,39.83106
Nicaragua,NIC,2015,46.190712
Nicaragua,NIC,2016,43.171383
Nicaragua,NIC,2017,44.457333
Nicaragua,NIC,2018,41.01428
Nicaragua,NIC,2019,44.588333
Nicaragua,NIC,2020,40.60588
Nicaragua,NIC,2021,41.809654
Nicaragua,NIC,2022,46.491016
Niger,NER,2004,14.121005
Niger,NER,2005,13.254439
Niger,NER,2006,13.097376
Niger,NER,2007,15.843983
Niger,NER,2008,15.243806
Niger,NER,2009,17.743277
Niger,NER,2010,20.02335
Niger,NER,2012,-0.13978718
Niger,NER,2013,-4.0978007
Niger,NER,2014,-3.838748
Niger,NER,2015,-0.33491397
Niger,NER,2016,-2.7524588
Niger,NER,2017,-8.357413
Niger,NER,2018,-4.3116913
Niger,NER,2019,-2.6244967
Niger,NER,2020,-3.4118161
Niger,NER,2021,-2.6656384
Niger,NER,2022,5.4055786
Nigeria,NGA,1990,-284.4463
Nigeria,NGA,1991,-276.55194
Nigeria,NGA,1992,-270.61032
Nigeria,NGA,1993,-274.48215
Nigeria,NGA,1994,-314.28653
Nigeria,NGA,1995,-318.8153
Nigeria,NGA,1996,-328.64645
Nigeria,NGA,1997,-333.39963
Nigeria,NGA,1998,-302.14154
Nigeria,NGA,1999,-297.5127
Nigeria,NGA,2000,-317.89005
Nigeria,NGA,2001,-314.40167
Nigeria,NGA,2002,-261.48517
Nigeria,NGA,2003,-284.28943
Nigeria,NGA,2004,-323.22385
Nigeria,NGA,2005,-288.28094
Nigeria,NGA,2006,-294.18594
Nigeria,NGA,2007,-295.5747
Nigeria,NGA,2008,-257.7478
Nigeria,NGA,2009,-270.90823
Nigeria,NGA,2010,-225.73813
Nigeria,NGA,2011,-184.42508
Nigeria,NGA,2012,-200.6993
Nigeria,NGA,2013,-169.48947
Nigeria,NGA,2014,-167.99707
Nigeria,NGA,2015,-184.44919
Nigeria,NGA,2016,-139.57655
Nigeria,NGA,2017,-151.92705
Nigeria,NGA,2018,-170.33824
Nigeria,NGA,2019,-145.34262
Nigeria,NGA,2020,-111.87802
Nigeria,NGA,2021,-82.29707
Nigeria,NGA,2022,-66.2881
North America (WB),,1990,13.29144
North America (WB),,1991,11.482672
North America (WB),,1992,12.495059
North America (WB),,1993,14.564415
North America (WB),,1994,15.070707
North America (WB),,1995,13.635083
North America (WB),,1996,14.703055
North America (WB),,1997,16.157173
North America (WB),,1998,17.392391
North America (WB),,1999,18.278484
North America (WB),,2000,18.957537
North America (WB),,2001,20.81826
North America (WB),,2002,19.67536
North America (WB),,2003,21.091356
North America (WB),,2004,22.490488
North America (WB),,2005,23.444302
North America (WB),,2006,22.996616
North America (WB),,2007,21.591131
North America (WB),,2008,19.382387
North America (WB),,2009,17.492033
North America (WB),,2010,15.7530575
North America (WB),,2011,12.359981
North America (WB),,2012,9.015796
North America (WB),,2013,5.637032
North America (WB),,2014,2.9944766
North America (WB),,2015,2.7911735
North America (WB),,2016,2.7602177
North America (WB),,2017,-1.6298071
North America (WB),,2018,-5.853453
North America (WB),,2019,-9.992016
North America (WB),,2020,-13.274162
North America (WB),,2021,-13.927534
North America (WB),,2022,-16.269073
North America (WB),,2023,-17.919474
North Korea,PRK,1990,12.967374
North Korea,PRK,1991,11.417154
North Korea,PRK,1992,11.757456
North Korea,PRK,1993,11.726385
North Korea,PRK,1994,8.705739
North Korea,PRK,1995,8.913864
North Korea,PRK,1996,7.7292514
North Korea,PRK,1997,5.818318
North Korea,PRK,1998,8.018697
North Korea,PRK,1999,4.244125
North Korea,PRK,2000,4.890322
North Korea,PRK,2001,5.856039
North Korea,PRK,2002,5.214662
North Korea,PRK,2003,3.8006458
North Korea,PRK,2004,1.2285273
North Korea,PRK,2005,-3.3039699
North Korea,PRK,2006,-3.3106344
North Korea,PRK,2007,-7.6316576
North Korea,PRK,2008,-3.2851064
North Korea,PRK,2009,-4.76873
North Korea,PRK,2010,-10.275696
North Korea,PRK,2011,-43.421696
North Korea,PRK,2012,-43.393368
North Korea,PRK,2013,-86.1078
North Korea,PRK,2014,-74.24931
North Korea,PRK,2015,-115.31935
North Korea,PRK,2016,-118.520096
North Korea,PRK,2017,-1.0023654
North Korea,PRK,2018,5.5304346
North Korea,PRK,2019,5.5907836
North Korea,PRK,2020,5.60758
North Korea,PRK,2021,5.137165
North Korea,PRK,2022,4.895321
North Macedonia,MKD,1990,48.877663
North Macedonia,MKD,1991,50.096424
North Macedonia,MKD,1992,44.64527
North Macedonia,MKD,1993,46.96356
North Macedonia,MKD,1994,34.960785
North Macedonia,MKD,1995,41.83963
North Macedonia,MKD,1996,44.006824
North Macedonia,MKD,1997,41.837353
North Macedonia,MKD,1998,42.888084
North Macedonia,MKD,1999,36.844517
North Macedonia,MKD,2000,41.160145
North Macedonia,MKD,2001,39.073044
North Macedonia,MKD,2002,46.721607
North Macedonia,MKD,2003,39.117966
North Macedonia,MKD,2004,42.08563
North Macedonia,MKD,2005,42.906544
North Macedonia,MKD,2006,44.67396
North Macedonia,MKD,2007,47.557415
North Macedonia,MKD,2008,46.315647
North Macedonia,MKD,2009,45.176693
North Macedonia,MKD,2010,44.19452
North Macedonia,MKD,2011,45.412407
North Macedonia,MKD,2012,48.392147
North Macedonia,MKD,2013,46.878742
North Macedonia,MKD,2014,51.76523
North Macedonia,MKD,2015,52.524406
North Macedonia,MKD,2016,59.178787
North Macedonia,MKD,2017,56.809795
North Macedonia,MKD,2018,58.439148
North Macedonia,MKD,2019,58.95571
North Macedonia,MKD,2020,63.933758
North Macedonia,MKD,2021,68.12187
North Macedonia,MKD,2022,63.67063
Norway,NOR,1990,-454.24518
Norway,NOR,1991,-501.87323
Norway,NOR,1992,-558.6574
Norway,NOR,1993,-552.2769
Norway,NOR,1994,-633.729
Norway,NOR,1995,-680.49963
Norway,NOR,1996,-799.91986
Norway,NOR,1997,-779.50195
Norway,NOR,1998,-716.2823
Norway,NOR,1999,-691.6421
Norway,NOR,2000,-765.54736
Norway,NOR,2001,-747.3889
Norway,NOR,2002,-837.88544
Norway,NOR,2003,-761.19183
Norway,NOR,2004,-726.18066
Norway,NOR,2005,-689.3076
Norway,NOR,2006,-652.1419
Norway,NOR,2007,-679.3468
Norway,NOR,2008,-615.6529
Norway,NOR,2009,-626.359
Norway,NOR,2010,-557.9152
Norway,NOR,2011,-620.2579
Norway,NOR,2012,-598.4734
Norway,NOR,2013,-535.3411
Norway,NOR,2014,-596.99927
Norway,NOR,2015,-719.20856
Norway,NOR,2016,-647.7633
Norway,NOR,2017,-626.8608
Norway,NOR,2018,-597.13824
Norway,NOR,2019,-596.7755
Norway,NOR,2020,-648.5947
Norway,NOR,2021,-646.9768
Norway,NOR,2022,-750.3877
Norway,NOR,2023,-741.0287
Oman,OMN,1990,-798.2724
Oman,OMN,1991,-589.99347
Oman,OMN,1992,-676.0358
Oman,OMN,1993,-631.7649
Oman,OMN,1994,-663.4032
Oman,OMN,1995,-693.1391
Oman,OMN,1996,-699.9258
Oman,OMN,1997,-664.78815
Oman,OMN,1998,-662.6257
Oman,OMN,1999,-662.0296
Oman,OMN,2000,-700.1519
Oman,OMN,2001,-744.4886
Oman,OMN,2002,-665.2967
Oman,OMN,2003,-604.8588
Oman,OMN,2004,-557.40765
Oman,OMN,2005,-498.3956
Oman,OMN,2006,-290.34128
Oman,OMN,2007,-233.6664
Oman,OMN,2008,-270.02228
Oman,OMN,2009,-286.98172
Oman,OMN,2010,-253.01942
Oman,OMN,2011,-211.23262
Oman,OMN,2012,-199.35387
Oman,OMN,2013,-205.4403
Oman,OMN,2014,-199.82529
Oman,OMN,2015,-200.50497
Oman,OMN,2016,-217.04405
Oman,OMN,2017,-191.6701
Oman,OMN,2018,-209.92024
Oman,OMN,2019,-240.70024
Oman,OMN,2020,-204.88042
Oman,OMN,2021,-202.8983
Oman,OMN,2022,-213.62941
Pakistan,PAK,1990,21.467512
Pakistan,PAK,1991,19.80582
Pakistan,PAK,1992,20.923647
Pakistan,PAK,1993,22.430914
Pakistan,PAK,1994,24.81723
Pakistan,PAK,1995,24.393648
Pakistan,PAK,1996,25.92486
Pakistan,PAK,1997,27.383793
Pakistan,PAK,1998,26.998436
Pakistan,PAK,1999,27.179213
Pakistan,PAK,2000,27.075245
Pakistan,PAK,2001,25.155586
Pakistan,PAK,2002,24.391056
Pakistan,PAK,2003,20.797358
Pakistan,PAK,2004,21.055164
Pakistan,PAK,2005,20.489386
Pakistan,PAK,2006,23.10574
Pakistan,PAK,2007,24.287003
Pakistan,PAK,2008,24.519869
Pakistan,PAK,2009,23.89825
Pakistan,PAK,2010,24.165497
Pakistan,PAK,2011,23.033537
Pakistan,PAK,2012,23.090168
Pakistan,PAK,2013,23.74263
Pakistan,PAK,2014,26.345438
Pakistan,PAK,2015,29.004593
Pakistan,PAK,2016,33.3821
Pakistan,PAK,2017,39.147842
Pakistan,PAK,2018,35.525707
Pakistan,PAK,2019,33.516243
Pakistan,PAK,2020,38.953724
Pakistan,PAK,2021,41.58482
Pakistan,PAK,2022,39.79255
Panama,PAN,1990,166.54012
Panama,PAN,1991,175.2044
Panama,PAN,1992,171.5638
Panama,PAN,1993,173.10242
Panama,PAN,1994,177.97412
Panama,PAN,1995,172.64705
Panama,PAN,1996,172.26491
Panama,PAN,1997,184.77533
Panama,PAN,1998,176.67943
Panama,PAN,1999,173.99928
Panama,PAN,2000,188.80385
Panama,PAN,2001,185.45703
Panama,PAN,2002,181.94618
Panama,PAN,2003,189.55368
Panama,PAN,2004,179.17789
Panama,PAN,2005,165.9288
Panama,PAN,2006,173.203
Panama,PAN,2007,151.3001
Panama,PAN,2008,192.90198
Panama,PAN,2009,169.45279
Panama,PAN,2010,167.29346
Panama,PAN,2011,163.95341
Panama,PAN,2012,168.58173
Panama,PAN,2013,168.3766
Panama,PAN,2014,163.60963
Panama,PAN,2015,170.01176
Panama,PAN,2016,182.57014
Panama,PAN,2017,194.3597
Panama,PAN,2018,194.97223
Panama,PAN,2019,203.13481
Panama,PAN,2020,148.02803
Panama,PAN,2021,152.6413
Panama,PAN,2022,171.1865
Paraguay,PRY,1990,-48.129265
Paraguay,PRY,1991,-53.747646
Paraguay,PRY,1992,-43.52378
Paraguay,PRY,1993,-49.21625
Paraguay,PRY,1994,-48.660778
Paraguay,PRY,1995,-55.409
Paraguay,PRY,1996,-60.965122
Paraguay,PRY,1997,-61.15651
Paraguay,PRY,1998,-58.285595
Paraguay,PRY,1999,-64.53564
Paraguay,PRY,2000,-75.67664
Paraguay,PRY,2001,-56.17929
Paraguay,PRY,2002,-60.767445
Paraguay,PRY,2003,-67.471825
Paraguay,PRY,2004,-64.943665
Paraguay,PRY,2005,-66.251396
Paraguay,PRY,2006,-70.33995
Paraguay,PRY,2007,-71.04875
Paraguay,PRY,2008,-64.93009
Paraguay,PRY,2009,-56.127563
Paraguay,PRY,2010,-48.295734
Paraguay,PRY,2011,-51.17351
Paraguay,PRY,2012,-50.64372
Paraguay,PRY,2013,-50.842854
Paraguay,PRY,2014,-34.508827
Paraguay,PRY,2015,-27.07908
Paraguay,PRY,2016,-26.95316
Paraguay,PRY,2017,-18.440098
Paraguay,PRY,2018,-12.475059
Paraguay,PRY,2019,-1.4769521
Paraguay,PRY,2020,0.7993345
Paraguay,PRY,2021,10.279968
Paraguay,PRY,2022,5.651498
Peru,PER,1990,-5.793809
Peru,PER,1991,0.6418097
Peru,PER,1992,0.0570948
Peru,PER,1993,-0.39413708
Peru,PER,1994,4.347361
Peru,PER,1995,16.589529
Peru,PER,1996,15.623817
Peru,PER,1997,21.72058
Peru,PER,1998,20.588026
Peru,PER,1999,17.077564
Peru,PER,2000,24.960249
Peru,PER,2001,20.56414
Peru,PER,2002,22.721313
Peru,PER,2003,25.663877
Peru,PER,2004,27.512106
Peru,PER,2005,20.827047
Peru,PER,2006,24.088667
Peru,PER,2007,24.41271
Peru,PER,2008,20.86466
Peru,PER,2009,15.252632
Peru,PER,2010,1.602456
Peru,PER,2011,-10.553162
Peru,PER,2012,-11.281775
Peru,PER,2013,-11.941657
Peru,PER,2014,-7.9170246
Peru,PER,2015,-0.66607773
Peru,PER,2016,0.64543116
Peru,PER,2017,2.0606973
Peru,PER,2018,4.915386
Peru,PER,2019,4.6886377
Peru,PER,2020,-2.702517
Peru,PER,2021,11.606394
Peru,PER,2022,12.185966
Philippines,PHL,1990,41.87273
Philippines,PHL,1991,42.467705
Philippines,PHL,1992,47.727448
Philippines,PHL,1993,45.722866
Philippines,PHL,1994,49.701042
Philippines,PHL,1995,55.410225
Philippines,PHL,1996,55.944183
Philippines,PHL,1997,57.99496
Philippines,PHL,1998,55.47635
Philippines,PHL,1999,51.90679
Philippines,PHL,2000,51.710094
Philippines,PHL,2001,55.573807
Philippines,PHL,2002,48.16025
Philippines,PHL,2003,47.52165
Philippines,PHL,2004,49.6505
Philippines,PHL,2005,44.757893
Philippines,PHL,2006,45.34207
Philippines,PHL,2007,43.31563
Philippines,PHL,2008,42.76036
Philippines,PHL,2009,37.443935
Philippines,PHL,2010,42.625347
Philippines,PHL,2011,41.605736
Philippines,PHL,2012,42.906826
Philippines,PHL,2013,43.979782
Philippines,PHL,2014,43.83926
Philippines,PHL,2015,49.336727
Philippines,PHL,2016,47.82084
Philippines,PHL,2017,49.81004
Philippines,PHL,2018,54.074364
Philippines,PHL,2019,48.616146
Philippines,PHL,2020,47.017452
Philippines,PHL,2021,49.90576
Philippines,PHL,2022,54.425076
Poland,POL,1990,0.84501535
Poland,POL,1991,1.2153429
Poland,POL,1992,1.6059966
Poland,POL,1993,2.625867
Poland,POL,1994,0.07487798
Poland,POL,1995,-0.20978777
Poland,POL,1996,5.422201
Poland,POL,1997,6.566377
Poland,POL,1998,8.548661
Poland,POL,1999,9.982832
Poland,POL,2000,10.781625
Poland,POL,2001,10.507974
Poland,POL,2002,11.491471
Poland,POL,2003,13.359715
Poland,POL,2004,14.770821
Poland,POL,2005,17.81395
Poland,POL,2006,20.284824
Poland,POL,2007,25.971775
Poland,POL,2008,31.044928
Poland,POL,2009,32.154655
Poland,POL,2010,31.951586
Poland,POL,2011,34.236732
Poland,POL,2012,31.702374
Poland,POL,2013,26.501211
Poland,POL,2014,29.678598
Poland,POL,2015,30.15323
Poland,POL,2016,31.160954
Poland,POL,2017,38.822426
Poland,POL,2018,44.070095
Poland,POL,2019,45.88169
Poland,POL,2020,43.04335
Poland,POL,2021,41.099903
Poland,POL,2022,46.757053
Poland,POL,2023,48.85114
Portugal,PRT,1990,88.85209
Portugal,PRT,1991,87.58621
Portugal,PRT,1992,89.27859
Portugal,PRT,1993,87.282455
Portugal,PRT,1994,85.67023
Portugal,PRT,1995,89.970146
Portugal,PRT,1996,84.77332
Portugal,PRT,1997,88.22513
Portugal,PRT,1998,87.78857
Portugal,PRT,1999,92.15817
Portugal,PRT,2000,89.69074
Portugal,PRT,2001,88.776344
Portugal,PRT,2002,87.593765
Portugal,PRT,2003,89.575134
Portugal,PRT,2004,88.20386
Portugal,PRT,2005,92.72748
Portugal,PRT,2006,88.65619
Portugal,PRT,2007,85.8163
Portugal,PRT,2008,88.41039
Portugal,PRT,2009,85.746315
Portugal,PRT,2010,79.49915
Portugal,PRT,2011,82.80986
Portugal,PRT,2012,85.12134
Portugal,PRT,2013,78.78243
Portugal,PRT,2014,77.43895
Portugal,PRT,2015,84.27732
Portugal,PRT,2016,80.59114
Portugal,PRT,2017,87.17414
Portugal,PRT,2018,85.338974
Portugal,PRT,2019,84.356544
Portugal,PRT,2020,71.50919
Portugal,PRT,2021,73.82004
Portugal,PRT,2022,81.55728
Portugal,PRT,2023,77.72025
Qatar,QAT,1990,-314.2675
Qatar,QAT,1991,-281.04507
Qatar,QAT,1992,-295.32697
Qatar,QAT,1994,-261.5176
Qatar,QAT,1995,-251.83266
Qatar,QAT,1996,-261.17706
Qatar,QAT,1997,-286.21957
Qatar,QAT,1998,-342.02145
Qatar,QAT,1999,-388.73334
Qatar,QAT,2000,-461.04477
Qatar,QAT,2001,-428.9909
Qatar,QAT,2002,-370.53705
Qatar,QAT,2004,-403.47845
Qatar,QAT,2005,-433.20172
Qatar,QAT,2006,-404.59305
Qatar,QAT,2007,-398.6268
Qatar,QAT,2008,-485.96176
Qatar,QAT,2009,-484.92194
Qatar,QAT,2010,-552.96497
Qatar,QAT,2011,-668.98804
Qatar,QAT,2012,-491.8256
Qatar,QAT,2013,-467.43222
Qatar,QAT,2014,-480.7454
Qatar,QAT,2015,-479.50577
Qatar,QAT,2016,-495.96524
Qatar,QAT,2017,-420.58167
Qatar,QAT,2018,-427.3961
Qatar,QAT,2019,-420.35297
Qatar,QAT,2020,-421.51978
Qatar,QAT,2021,-407.47888
Qatar,QAT,2022,-396.07257
Romania,ROU,1990,35.53628
Romania,ROU,1991,28.454756
Romania,ROU,1992,29.722157
Romania,ROU,1993,27.150454
Romania,ROU,1994,25.945757
Romania,ROU,1995,31.004671
Romania,ROU,1996,31.08618
Romania,ROU,1997,32.72313
Romania,ROU,1998,29.042248
Romania,ROU,1999,21.247023
Romania,ROU,2000,21.699959
Romania,ROU,2001,26.34429
Romania,ROU,2002,24.443245
Romania,ROU,2003,25.575342
Romania,ROU,2004,29.671936
Romania,ROU,2005,27.543554
Romania,ROU,2006,29.268131
Romania,ROU,2007,31.56603
Romania,ROU,2008,27.740313
Romania,ROU,2009,19.875372
Romania,ROU,2010,21.38295
Romania,ROU,2011,21.137346
Romania,ROU,2012,22.49789
Romania,ROU,2013,18.29762
Romania,ROU,2014,16.718483
Romania,ROU,2015,16.762835
Romania,ROU,2016,21.985956
Romania,ROU,2017,23.49446
Romania,ROU,2018,24.358442
Romania,ROU,2019,30.356392
Romania,ROU,2020,28.187471
Romania,ROU,2021,31.687504
Romania,ROU,2022,32.453407
Russia,RUS,1990,-46.920673
Russia,RUS,1991,-39.715034
Russia,RUS,1992,-41.601982
Russia,RUS,1993,-38.973343
Russia,RUS,1994,-47.787548
Russia,RUS,1995,-49.46518
Russia,RUS,1996,-53.036644
Russia,RUS,1997,-56.417774
Russia,RUS,1998,-58.909683
Russia,RUS,1999,-57.793686
Russia,RUS,2000,-56.442085
Russia,RUS,2001,-59.07965
Russia,RUS,2002,-66.177124
Russia,RUS,2003,-70.988045
Russia,RUS,2004,-79.43162
Russia,RUS,2005,-82.75055
Russia,RUS,2006,-80.25789
Russia,RUS,2007,-82.11466
Russia,RUS,2008,-77.95494
Russia,RUS,2009,-83.14469
Russia,RUS,2010,-82.91333
Russia,RUS,2011,-80.53988
Russia,RUS,2012,-80.164375
Russia,RUS,2013,-86.66912
Russia,RUS,2014,-83.49142
Russia,RUS,2015,-89.86205
Russia,RUS,2016,-90.27865
Russia,RUS,2017,-91.76703
Russia,RUS,2018,-91.985535
Russia,RUS,2019,-99.051704
Russia,RUS,2020,-90.05136
Russia,RUS,2021,-80.50925
Russia,RUS,2022,-75.137535
Rwanda,RWA,1990,2.9346395
Rwanda,RWA,1991,2.8158622
Rwanda,RWA,1992,3.0739834
Rwanda,RWA,1993,3.2906349
Rwanda,RWA,1994,3.1305616
Rwanda,RWA,1995,2.7335474
Rwanda,RWA,1996,2.6236212
Rwanda,RWA,1997,2.317975
Rwanda,RWA,1998,4.167288
Rwanda,RWA,1999,4.1525607
Rwanda,RWA,2000,6.865787
Rwanda,RWA,2001,6.9296536
Rwanda,RWA,2002,8.093675
Rwanda,RWA,2003,7.030011
Rwanda,RWA,2004,6.788771
Rwanda,RWA,2005,7.7749395
Rwanda,RWA,2006,7.625475
Rwanda,RWA,2007,7.039872
Rwanda,RWA,2008,6.8519115
Rwanda,RWA,2009,6.7631803
Rwanda,RWA,2010,6.7149034
Rwanda,RWA,2011,7.1914763
Rwanda,RWA,2012,7.787008
Rwanda,RWA,2014,8.457664
Rwanda,RWA,2015,9.129051
Rwanda,RWA,2016,9.070792
Rwanda,RWA,2017,9.855538
Rwanda,RWA,2018,10.01796
Rwanda,RWA,2019,9.994404
Rwanda,RWA,2020,8.485399
Rwanda,RWA,2021,9.238809
Rwanda,RWA,2022,10.579323
Saudi Arabia,SAU,1990,-529.266
Saudi Arabia,SAU,1991,-580.338
Saudi Arabia,SAU,1992,-514.51556
Saudi Arabia,SAU,1993,-485.23206
Saudi Arabia,SAU,1994,-444.92004
Saudi Arabia,SAU,1995,-448.5409
Saudi Arabia,SAU,1996,-418.288
Saudi Arabia,SAU,1997,-433.37057
Saudi Arabia,SAU,1998,-416.64963
Saudi Arabia,SAU,1999,-368.9263
Saudi Arabia,SAU,2000,-348.21375
Saudi Arabia,SAU,2001,-325.78323
Saudi Arabia,SAU,2002,-251.37459
Saudi Arabia,SAU,2003,-304.0569
Saudi Arabia,SAU,2004,-327.8129
Saudi Arabia,SAU,2005,-327.7858
Saudi Arabia,SAU,2006,-294.2208
Saudi Arabia,SAU,2007,-260.3431
Saudi Arabia,SAU,2008,-247.60533
Saudi Arabia,SAU,2009,-197.27652
Saudi Arabia,SAU,2010,-174.57205
Saudi Arabia,SAU,2011,-194.47914
Saudi Arabia,SAU,2012,-198.40474
Saudi Arabia,SAU,2013,-196.87181
Saudi Arabia,SAU,2014,-172.63516
Saudi Arabia,SAU,2015,-175.63039
Saudi Arabia,SAU,2016,-188.31339
Saudi Arabia,SAU,2017,-170.01285
Saudi Arabia,SAU,2018,-186.86996
Saudi Arabia,SAU,2019,-177.71541
Saudi Arabia,SAU,2020,-167.3918
Saudi Arabia,SAU,2021,-159.98848
Saudi Arabia,SAU,2022,-178.20045
Senegal,SEN,1990,50.20039
Senegal,SEN,1991,48.735695
Senegal,SEN,1992,55.072426
Senegal,SEN,1993,49.676716
Senegal,SEN,1994,59.746387
Senegal,SEN,1995,49.730423
Senegal,SEN,1996,53.723225
Senegal,SEN,1997,54.01906
Senegal,SEN,1998,59.66025
Senegal,SEN,1999,61.252186
Senegal,SEN,2000,63.7567
Senegal,SEN,2001,65.81921
Senegal,SEN,2002,57.56621
Senegal,SEN,2003,66.46229
Senegal,SEN,2004,64.284836
Senegal,SEN,2005,71.02955
Senegal,SEN,2006,72.008736
Senegal,SEN,2007,67.82678
Senegal,SEN,2008,69.70445
Senegal,SEN,2009,49.745567
Senegal,SEN,2010,53.03481
Senegal,SEN,2011,52.86284
Senegal,SEN,2012,51.244564
Senegal,SEN,2013,58.47986
Senegal,SEN,2014,59.99514
Senegal,SEN,2015,68.98107
Senegal,SEN,2016,68.359505
Senegal,SEN,2017,63.923477
Senegal,SEN,2018,70.32359
Senegal,SEN,2019,70.18438
Senegal,SEN,2020,62.06755
Senegal,SEN,2021,66.42857
Senegal,SEN,2022,69.38639
Serbia,SRB,1990,31.163414
Serbia,SRB,1991,26.818018
Serbia,SRB,1992,20.7278
Serbia,SRB,1993,10.244067
Serbia,SRB,1994,9.56016
Serbia,SRB,1995,10.49055
Serbia,SRB,1996,24.990196
Serbia,SRB,1997,27.061892
Serbia,SRB,1998,24.691555
Serbia,SRB,1999,14.153341
Serbia,SRB,2000,13.906999
Serbia,SRB,2001,23.540236
Serbia,SRB,2002,26.464373
Serbia,SRB,2003,28.727365
Serbia,SRB,2004,33.56938
Serbia,SRB,2005,36.683033
Serbia,SRB,2006,38.37928
Serbia,SRB,2007,36.51317
Serbia,SRB,2008,37.80172
Serbia,SRB,2009,32.388504
Serbia,SRB,2010,33.46909
Serbia,SRB,2011,30.668175
Serbia,SRB,2012,28.021187
Serbia,SRB,2013,24.170786
Serbia,SRB,2014,28.161282
Serbia,SRB,2015,27.837986
Serbia,SRB,2016,30.059738
Serbia,SRB,2017,34.13675
Serbia,SRB,2018,35.053516
Serbia,SRB,2019,35.952396
Serbia,SRB,2020,30.066465
Serbia,SRB,2021,34.999317
Serbia,SRB,2022,45.30133
Singapore,SGP,1990,212.74438
Singapore,SGP,1991,203.46466
Singapore,SGP,1992,197.82152
Singapore,SGP,1993,185.55661
Singapore,SGP,1994,161.60582
Singapore,SGP,1995,171.8647
Singapore,SGP,1996,182.08339
Singapore,SGP,1997,191.25204
Singapore,SGP,1998,196.62921
Singapore,SGP,1999,217.73547
Singapore,SGP,2000,218.72948
Singapore,SGP,2001,208.66457
Singapore,SGP,2002,207.59862
Singapore,SGP,2003,189.53702
Singapore,SGP,2004,190.07587
Singapore,SGP,2005,236.27547
Singapore,SGP,2006,239.46272
Singapore,SGP,2007,271.31644
Singapore,SGP,2008,262.21597
Singapore,SGP,2009,260.8002
Singapore,SGP,2010,281.882
Singapore,SGP,2011,315.3627
Singapore,SGP,2012,291.94736
Singapore,SGP,2013,269.98093
Singapore,SGP,2014,255.73112
Singapore,SGP,2015,259.47305
Singapore,SGP,2016,259.64355
Singapore,SGP,2017,261.58188
Singapore,SGP,2018,270.62827
Singapore,SGP,2019,255.7747
Singapore,SGP,2020,247.63646
Singapore,SGP,2021,231.27454
Singapore,SGP,2022,242.58482
Slovakia,SVK,1990,76.96949
Slovakia,SVK,1991,72.87532
Slovakia,SVK,1992,74.66951
Slovakia,SVK,1993,68.78655
Slovakia,SVK,1994,68.134056
Slovakia,SVK,1995,68.9469
Slovakia,SVK,1996,73.23526
Slovakia,SVK,1997,72.9983
Slovakia,SVK,1998,70.6831
Slovakia,SVK,1999,66.12751
Slovakia,SVK,2000,65.004715
Slovakia,SVK,2001,62.260757
Slovakia,SVK,2002,64.1995
Slovakia,SVK,2003,64.63113
Slovakia,SVK,2004,67.87162
Slovakia,SVK,2005,65.55796
Slovakia,SVK,2006,64.03977
Slovakia,SVK,2007,69.170555
Slovakia,SVK,2008,65.44519
Slovakia,SVK,2009,67.28335
Slovakia,SVK,2010,61.33586
Slovakia,SVK,2011,62.630703
Slovakia,SVK,2012,58.20797
Slovakia,SVK,2013,57.666836
Slovakia,SVK,2014,59.86982
Slovakia,SVK,2015,57.4481
Slovakia,SVK,2016,57.575333
Slovakia,SVK,2017,61.909058
Slovakia,SVK,2018,60.87797
Slovakia,SVK,2019,69.5695
Slovakia,SVK,2020,55.950607
Slovakia,SVK,2021,52.01953
Slovakia,SVK,2022,68.981804
Slovakia,SVK,2023,57.254612
Slovenia,SVN,1990,45.891636
Slovenia,SVN,1991,42.242867
Slovenia,SVN,1992,41.88261
Slovenia,SVN,1993,48.27944
Slovenia,SVN,1994,49.204834
Slovenia,SVN,1995,50.945282
Slovenia,SVN,1996,55.384598
Slovenia,SVN,1997,55.37358
Slovenia,SVN,1998,52.413143
Slovenia,SVN,1999,55.881237
Slovenia,SVN,2000,51.78334
Slovenia,SVN,2001,48.845524
Slovenia,SVN,2002,49.691395
Slovenia,SVN,2003,52.397957
Slovenia,SVN,2004,51.260654
Slovenia,SVN,2005,50.862335
Slovenia,SVN,2006,51.145206
Slovenia,SVN,2007,51.244766
Slovenia,SVN,2008,54.162804
Slovenia,SVN,2009,48.290443
Slovenia,SVN,2010,48.693073
Slovenia,SVN,2011,47.75479
Slovenia,SVN,2012,51.486076
Slovenia,SVN,2013,47.298054
Slovenia,SVN,2014,44.827168
Slovenia,SVN,2015,49.13569
Slovenia,SVN,2016,49.248142
Slovenia,SVN,2017,51.211754
Slovenia,SVN,2018,52.33461
Slovenia,SVN,2019,52.990314
Slovenia,SVN,2020,45.82793
Slovenia,SVN,2021,48.788303
Slovenia,SVN,2022,53.668827
Slovenia,SVN,2023,48.89892
South Africa,ZAF,1990,-25.17487
South Africa,ZAF,1991,-24.21718
South Africa,ZAF,1992,-27.776604
South Africa,ZAF,1993,-28.181147
South Africa,ZAF,1994,-27.48401
South Africa,ZAF,1995,-26.685467
South Africa,ZAF,1996,-24.43404
South Africa,ZAF,1997,-27.757458
South Africa,ZAF,1998,-21.68588
South Africa,ZAF,1999,-28.206951
South Africa,ZAF,2000,-29.81903
South Africa,ZAF,2001,-33.133823
South Africa,ZAF,2002,-36.568382
South Africa,ZAF,2003,-28.992876
South Africa,ZAF,2004,-23.186775
South Africa,ZAF,2005,-26.43797
South Africa,ZAF,2006,-23.629412
South Africa,ZAF,2007,-14.456172
South Africa,ZAF,2008,-7.8592343
South Africa,ZAF,2009,-2.231683
South Africa,ZAF,2010,-13.730698
South Africa,ZAF,2011,-11.638097
South Africa,ZAF,2012,-18.19489
South Africa,ZAF,2013,-18.826931
South Africa,ZAF,2014,-12.861094
South Africa,ZAF,2015,-17.77962
South Africa,ZAF,2016,-14.391988
South Africa,ZAF,2017,-15.519681
South Africa,ZAF,2018,-17.173561
South Africa,ZAF,2019,-13.346639
South Africa,ZAF,2020,-19.664236
South Africa,ZAF,2021,-13.375893
South Africa,ZAF,2022,-10.940158
South Asia (WB),,1990,11.768534
South Asia (WB),,1991,12.301844
South Asia (WB),,1992,14.029848
South Asia (WB),,1993,14.540125
South Asia (WB),,1994,14.340565
South Asia (WB),,1995,15.676772
South Asia (WB),,1996,17.256721
South Asia (WB),,1997,18.227783
South Asia (WB),,1998,19.594242
South Asia (WB),,1999,21.557789
South Asia (WB),,2000,21.98741
South Asia (WB),,2001,21.823328
South Asia (WB),,2002,22.330643
South Asia (WB),,2003,22.403082
South Asia (WB),,2004,23.0023
South Asia (WB),,2005,24.596292
South Asia (WB),,2006,25.673283
South Asia (WB),,2007,26.610807
South Asia (WB),,2008,27.891726
South Asia (WB),,2009,28.460531
South Asia (WB),,2010,29.487026
South Asia (WB),,2011,30.623215
South Asia (WB),,2012,32.077427
South Asia (WB),,2013,33.354233
South Asia (WB),,2014,35.877274
South Asia (WB),,2015,36.58081
South Asia (WB),,2016,36.83782
South Asia (WB),,2017,36.716335
South Asia (WB),,2018,37.361416
South Asia (WB),,2019,38.690292
South Asia (WB),,2020,37.71527
South Asia (WB),,2021,35.176186
South Asia (WB),,2022,36.278805
South Korea,KOR,1990,76.631165
South Korea,KOR,1991,81.26082
South Korea,KOR,1992,85.95869
South Korea,KOR,1993,87.87192
South Korea,KOR,1994,92.42055
South Korea,KOR,1995,90.70534
South Korea,KOR,1996,92.70207
South Korea,KOR,1997,93.386284
South Korea,KOR,1998,89.38357
South Korea,KOR,1999,88.448235
South Korea,KOR,2000,88.86269
South Korea,KOR,2001,87.87274
South Korea,KOR,2002,86.50413
South Korea,KOR,2003,87.34229
South Korea,KOR,2004,87.72249
South Korea,KOR,2005,83.4372
South Korea,KOR,2006,86.80884
South Korea,KOR,2007,85.36245
South Korea,KOR,2008,85.59836
South Korea,KOR,2009,86.2664
South Korea,KOR,2010,88.08063
South Korea,KOR,2011,87.23054
South Korea,KOR,2012,86.546684
South Korea,KOR,2013,88.080185
South Korea,KOR,2014,86.86939
South Korea,KOR,2015,86.730064
South Korea,KOR,2016,86.93763
South Korea,KOR,2017,88.47104
South Korea,KOR,2018,89.469765
South Korea,KOR,2019,88.156296
South Korea,KOR,2020,84.51774
South Korea,KOR,2021,84.90345
South Korea,KOR,2022,85.47755
South Korea,KOR,2023,84.64721
South Sudan,SSD,2012,-171.54042
South Sudan,SSD,2013,-667.7677
South Sudan,SSD,2014,-1055.2268
South Sudan,SSD,2015,-801.6945
South Sudan,SSD,2016,-827.1001
South Sudan,SSD,2017,-962.5337
South Sudan,SSD,2018,-859.4535
South Sudan,SSD,2019,-1023.8937
South Sudan,SSD,2020,-1010.1985
South Sudan,SSD,2021,-901.0916
South Sudan,SSD,2022,-859.5028
Spain,ESP,1990,67.02367
Spain,ESP,1991,67.66428
Spain,ESP,1992,70.851295
Spain,ESP,1993,69.802925
Spain,ESP,1994,71.85699
Spain,ESP,1995,75.464615
Spain,ESP,1996,75.310974
Spain,ESP,1997,76.851234
Spain,ESP,1998,80.04002
Spain,ESP,1999,82.129654
Spain,ESP,2000,82.14073
Spain,ESP,2001,80.32503
Spain,ESP,2002,84.296814
Spain,ESP,2003,82.2261
Spain,ESP,2004,83.2978
Spain,ESP,2005,87.68853
Spain,ESP,2006,87.58092
Spain,ESP,2007,86.04069
Spain,ESP,2008,88.433525
Spain,ESP,2009,86.48566
Spain,ESP,2010,83.53313
Spain,ESP,2011,83.47438
Spain,ESP,2012,79.85457
Spain,ESP,2013,76.65696
Spain,ESP,2014,80.050804
Spain,ESP,2015,80.03588
Spain,ESP,2016,78.8825
Spain,ESP,2017,80.85463
Spain,ESP,2018,81.00753
Spain,ESP,2019,82.914055
Spain,ESP,2020,73.47742
Spain,ESP,2021,75.53513
Spain,ESP,2022,82.86206
Spain,ESP,2023,77.08041
Sri Lanka,LKA,1990,30.86098
Sri Lanka,LKA,1991,29.889156
Sri Lanka,LKA,1992,30.112305
Sri Lanka,LKA,1993,35.11664
Sri Lanka,LKA,1994,36.257713
Sri Lanka,LKA,1995,40.240368
Sri Lanka,LKA,1996,41.523594
Sri Lanka,LKA,1997,42.040794
Sri Lanka,LKA,1998,42.6332
Sri Lanka,LKA,1999,42.6996
Sri Lanka,LKA,2000,45.93758
Sri Lanka,LKA,2001,44.534145
Sri Lanka,LKA,2002,48.160255
Sri Lanka,LKA,2003,42.59012
Sri Lanka,LKA,2004,46.059734
Sri Lanka,LKA,2005,47.27044
Sri Lanka,LKA,2006,46.498047
Sri Lanka,LKA,2007,47.1412
Sri Lanka,LKA,2008,46.968594
Sri Lanka,LKA,2010,41.914124
Sri Lanka,LKA,2011,54.48988
Sri Lanka,LKA,2013,54.46464
Sri Lanka,LKA,2014,58.754387
Sri Lanka,LKA,2015,56.856903
Sri Lanka,LKA,2016,62.152496
Sri Lanka,LKA,2018,68.59571
Sri Lanka,LKA,2020,61.23243
Sri Lanka,LKA,2021,59.42945
Sri Lanka,LKA,2022,60.03958
Sub-Saharan Africa (WB),,1990,-62.055817
Sub-Saharan Africa (WB),,1991,-62.22682
Sub-Saharan Africa (WB),,1992,-65.15302
Sub-Saharan Africa (WB),,1993,-63.749893
Sub-Saharan Africa (WB),,1994,-64.82576
Sub-Saharan Africa (WB),,1995,-64.64282
Sub-Saharan Africa (WB),,1996,-66.913765
Sub-Saharan Africa (WB),,1997,-71.104744
Sub-Saharan Africa (WB),,1998,-71.83447
Sub-Saharan Africa (WB),,1999,-70.13094
Sub-Saharan Africa (WB),,2000,-82.874
Sub-Saharan Africa (WB),,2001,-84.828926
Sub-Saharan Africa (WB),,2002,-83.180916
Sub-Saharan Africa (WB),,2003,-83.64277
Sub-Saharan Africa (WB),,2004,-88.72027
Sub-Saharan Africa (WB),,2005,-92.62598
Sub-Saharan Africa (WB),,2006,-94.52356
Sub-Saharan Africa (WB),,2007,-93.93294
Sub-Saharan Africa (WB),,2008,-86.13002
Sub-Saharan Africa (WB),,2009,-79.79591
Sub-Saharan Africa (WB),,2010,-84.6286
Sub-Saharan Africa (WB),,2011,-68.15274
Sub-Saharan Africa (WB),,2012,-64.39104
Sub-Saharan Africa (WB),,2013,-58.6889
Sub-Saharan Africa (WB),,2014,-53.98496
Sub-Saharan Africa (WB),,2015,-57.10766
Sub-Saharan Africa (WB),,2016,-48.31159
Sub-Saharan Africa (WB),,2017,-50.125504
Sub-Saharan Africa (WB),,2018,-50.37962
Sub-Saharan Africa (WB),,2019,-45.26817
Sub-Saharan Africa (WB),,2020,-40.68456
Sub-Saharan Africa (WB),,2021,-30.827307
Sub-Saharan Africa (WB),,2022,-27.763075
Sub-Saharan Africa (WB),,2023,22.555916
Sudan,SDN,1999,-2.84274
Sudan,SDN,2000,-49.232876
Sudan,SDN,2001,-55.99911
Sudan,SDN,2002,-61.390896
Sudan,SDN,2003,-71.92627
Sudan,SDN,2004,-82.11788
Sudan,SDN,2005,-77.10335
Sudan,SDN,2006,-78.90818
Sudan,SDN,2007,-122.936165
Sudan,SDN,2008,-113.85863
Sudan,SDN,2009,-110.74953
Sudan,SDN,2010,-121.69282
Sudan,SDN,2011,-104.236374
Sudan,SDN,2012,-14.335531
Sudan,SDN,2013,1.1299044
Sudan,SDN,2014,2.0356534
Sudan,SDN,2015,4.1698704
Sudan,SDN,2016,5.6793966
Sudan,SDN,2017,9.259198
Sudan,SDN,2018,16.263727
Sudan,SDN,2019,15.655636
Sudan,SDN,2020,17.608229
Sudan,SDN,2021,20.834013
Sudan,SDN,2022,18.856812
Suriname,SUR,2000,-17.488842
Suriname,SUR,2001,-16.258804
Suriname,SUR,2002,-48.519646
Suriname,SUR,2003,-32.15443
Suriname,SUR,2004,-14.904998
Suriname,SUR,2005,-4.0264444
Suriname,SUR,2006,-20.440727
Suriname,SUR,2007,-41.62071
Suriname,SUR,2008,-45.555557
Suriname,SUR,2009,-44.246452
Suriname,SUR,2010,-19.373915
Suriname,SUR,2011,3.3541582
Suriname,SUR,2012,-10.47725
Suriname,SUR,2013,9.5518
Suriname,SUR,2014,14.568952
Suriname,SUR,2015,4.5300703
Suriname,SUR,2016,13.792049
Suriname,SUR,2017,7.677739
Suriname,SUR,2018,1.6518557
Suriname,SUR,2019,13.989295
Suriname,SUR,2020,12.907474
Suriname,SUR,2021,14.489852
Suriname,SUR,2022,17.12359
Sweden,SWE,1990,38.87007
Sweden,SWE,1991,36.400993
Sweden,SWE,1992,38.04612
Sweden,SWE,1993,39.643463
Sweden,SWE,1994,41.2721
Sweden,SWE,1995,38.597603
Sweden,SWE,1996,41.3659
Sweden,SWE,1997,39.47049
Sweden,SWE,1998,39.00228
Sweden,SWE,1999,36.268837
Sweden,SWE,2000,40.501877
Sweden,SWE,2001,38.0106
Sweden,SWE,2002,38.397846
Sweden,SWE,2003,44.909782
Sweden,SWE,2004,38.57147
Sweden,SWE,2005,39.456406
Sweden,SWE,2006,39.79434
Sweden,SWE,2007,38.297306
Sweden,SWE,2008,40.070156
Sweden,SWE,2009,39.489956
Sweden,SWE,2010,39.08384
Sweden,SWE,2011,38.450256
Sweden,SWE,2012,31.464931
Sweden,SWE,2013,33.993584
Sweden,SWE,2014,34.091915
Sweden,SWE,2015,32.870712
Sweden,SWE,2016,35.35211
Sweden,SWE,2017,28.68607
Sweden,SWE,2018,30.735529
Sweden,SWE,2019,32.006546
Sweden,SWE,2020,34.42561
Sweden,SWE,2021,22.541212
Sweden,SWE,2022,28.678411
Sweden,SWE,2023,28.27423
Switzerland,CHE,1990,61.687885
Switzerland,CHE,1991,61.23404
Switzerland,CHE,1992,60.651978
Switzerland,CHE,1993,56.44299
Switzerland,CHE,1994,56.65503
Switzerland,CHE,1995,57.39596
Switzerland,CHE,1996,61.357414
Switzerland,CHE,1997,59.688976
Switzerland,CHE,1998,61.204205
Switzerland,CHE,1999,55.93568
Switzerland,CHE,2000,56.694553
Switzerland,CHE,2001,57.876087
Switzerland,CHE,2002,58.521034
Switzerland,CHE,2003,57.144257
Switzerland,CHE,2004,58.54801
Switzerland,CHE,2005,63.05553
Switzerland,CHE,2006,59.856358
Switzerland,CHE,2007,55.195103
Switzerland,CHE,2008,58.05413
Switzerland,CHE,2009,58.411716
Switzerland,CHE,2010,57.544968
Switzerland,CHE,2011,57.15323
Switzerland,CHE,2012,57.504295
Switzerland,CHE,2013,57.4872
Switzerland,CHE,2014,53.93112
Switzerland,CHE,2015,56.08933
Switzerland,CHE,2016,59.74873
Switzerland,CHE,2017,60.172543
Switzerland,CHE,2018,53.63462
Switzerland,CHE,2019,54.992603
Switzerland,CHE,2020,50.02649
Switzerland,CHE,2021,52.01597
Switzerland,CHE,2022,51.312973
Switzerland,CHE,2023,51.217846
Syria,SYR,1990,-106.40193
Syria,SYR,1991,-125.347824
Syria,SYR,1992,-138.83897
Syria,SYR,1993,-145.64017
Syria,SYR,1994,-162.58643
Syria,SYR,1995,-161.38622
Syria,SYR,1996,-147.76128
Syria,SYR,1997,-136.71541
Syria,SYR,1998,-118.38968
Syria,SYR,1999,-124.35041
Syria,SYR,2000,-115.26977
Syria,SYR,2001,-133.38147
Syria,SYR,2002,-153.82477
Syria,SYR,2003,-109.60894
Syria,SYR,2004,-68.483795
Syria,SYR,2005,-33.804203
Syria,SYR,2006,-8.177418
Syria,SYR,2007,-4.1810513
Syria,SYR,2008,-5.4614244
Syria,SYR,2009,-11.945458
Syria,SYR,2010,-20.17563
Syria,SYR,2011,-13.986617
Syria,SYR,2012,15.500235
Syria,SYR,2013,43.05642
Syria,SYR,2014,57.92854
Syria,SYR,2015,59.683704
Syria,SYR,2016,61.74324
Syria,SYR,2017,66.51536
Syria,SYR,2018,65.50851
Syria,SYR,2019,63.09876
Syria,SYR,2020,60.118774
Syria,SYR,2021,58.276154
Syria,SYR,2022,61.271503
Tajikistan,TJK,1990,62.131126
Tajikistan,TJK,1991,64.14656
Tajikistan,TJK,1992,58.803387
Tajikistan,TJK,1993,48.09686
Tajikistan,TJK,1994,38.423138
Tajikistan,TJK,1995,40.5142
Tajikistan,TJK,1996,37.54545
Tajikistan,TJK,1997,42.13057
Tajikistan,TJK,1998,43.859035
Tajikistan,TJK,1999,38.475986
Tajikistan,TJK,2000,41.303066
Tajikistan,TJK,2001,39.451958
Tajikistan,TJK,2002,36.267586
Tajikistan,TJK,2003,32.56065
Tajikistan,TJK,2004,36.64833
Tajikistan,TJK,2005,34.424824
Tajikistan,TJK,2006,37.895977
Tajikistan,TJK,2007,39.386837
Tajikistan,TJK,2008,40.607994
Tajikistan,TJK,2009,31.095478
Tajikistan,TJK,2010,30.495972
Tajikistan,TJK,2011,30.967106
Tajikistan,TJK,2012,29.97655
Tajikistan,TJK,2013,27.986252
Tajikistan,TJK,2014,32.111507
Tajikistan,TJK,2015,31.027338
Tajikistan,TJK,2016,29.661436
Tajikistan,TJK,2017,24.178074
Tajikistan,TJK,2018,25.22067
Tajikistan,TJK,2019,28.436337
Tajikistan,TJK,2020,31.847878
Tajikistan,TJK,2021,30.395914
Tajikistan,TJK,2022,28.045013
Tanzania,TZA,1990,9.94701
Tanzania,TZA,1991,9.62931
Tanzania,TZA,1992,8.45476
Tanzania,TZA,1993,8.4241705
Tanzania,TZA,1994,7.0679584
Tanzania,TZA,1995,9.513958
Tanzania,TZA,1996,8.787965
Tanzania,TZA,1997,8.354626
Tanzania,TZA,1998,7.1361504
Tanzania,TZA,1999,5.9344554
Tanzania,TZA,2012,13.130326
Tanzania,TZA,2013,14.049807
Tanzania,TZA,2014,13.033992
Tanzania,TZA,2015,14.6376705
Tanzania,TZA,2016,14.079126
Tanzania,TZA,2017,12.901648
Tanzania,TZA,2018,12.790612
Tanzania,TZA,2019,13.136835
Tanzania,TZA,2020,12.952306
Tanzania,TZA,2021,13.717529
Tanzania,TZA,2022,12.933856
Thailand,THA,1990,42.099354
Thailand,THA,1991,39.42798
Thailand,THA,1992,42.753323
Thailand,THA,1993,47.85286
Thailand,THA,1994,49.28561
Thailand,THA,1995,51.59019
Thailand,THA,1996,52.66133
Thailand,THA,1997,48.58511
Thailand,THA,1998,44.85776
Thailand,THA,1999,45.048515
Thailand,THA,2000,44.132797
Thailand,THA,2001,46.56174
Thailand,THA,2002,46.99629
Thailand,THA,2003,47.966896
Thailand,THA,2004,50.596756
Thailand,THA,2005,48.069668
Thailand,THA,2006,47.20998
Thailand,THA,2007,46.387333
Thailand,THA,2008,44.11341
Thailand,THA,2009,44.68208
Thailand,THA,2010,43.65947
Thailand,THA,2011,44.48123
Thailand,THA,2012,43.682552
Thailand,THA,2013,43.040543
Thailand,THA,2014,44.024033
Thailand,THA,2015,46.319397
Thailand,THA,2016,45.714935
Thailand,THA,2017,47.959877
Thailand,THA,2018,51.48799
Thailand,THA,2019,48.96038
Thailand,THA,2020,51.562725
Thailand,THA,2021,53.911816
Thailand,THA,2022,57.41758
Togo,TGO,2017,15.142197
Togo,TGO,2018,18.0404
Trinidad and Tobago,TTO,1990,-106.644516
Trinidad and Tobago,TTO,1991,-99.25641
Trinidad and Tobago,TTO,1992,-86.90618
Trinidad and Tobago,TTO,1993,-90.742035
Trinidad and Tobago,TTO,1994,-99.49559
Trinidad and Tobago,TTO,1995,-103.84057
Trinidad and Tobago,TTO,1996,-69.80753
Trinidad and Tobago,TTO,1997,-65.75983
Trinidad and Tobago,TTO,1998,-69.07435
Trinidad and Tobago,TTO,1999,-68.86608
Trinidad and Tobago,TTO,2000,-85.390076
Trinidad and Tobago,TTO,2001,-73.961494
Trinidad and Tobago,TTO,2002,-86.14223
Trinidad and Tobago,TTO,2003,-117.1105
Trinidad and Tobago,TTO,2004,-126.05281
Trinidad and Tobago,TTO,2005,-109.991516
Trinidad and Tobago,TTO,2006,-120.31327
Trinidad and Tobago,TTO,2007,-110.39454
Trinidad and Tobago,TTO,2008,-116.004074
Trinidad and Tobago,TTO,2009,-119.02587
Trinidad and Tobago,TTO,2010,-111.99454
Trinidad and Tobago,TTO,2011,-102.18963
Trinidad and Tobago,TTO,2012,-103.33021
Trinidad and Tobago,TTO,2013,-103.14766
Trinidad and Tobago,TTO,2014,-99.56612
Trinidad and Tobago,TTO,2015,-90.986206
Trinidad and Tobago,TTO,2016,-87.84945
Trinidad and Tobago,TTO,2017,-89.04277
Trinidad and Tobago,TTO,2018,-98.61201
Trinidad and Tobago,TTO,2019,-99.98296
Trinidad and Tobago,TTO,2020,-98.19548
Trinidad and Tobago,TTO,2021,-66.66236
Trinidad and Tobago,TTO,2022,-75.45733
Tunisia,TUN,1990,-17.528894
Tunisia,TUN,1991,-31.456303
Tunisia,TUN,1992,-25.724205
Tunisia,TUN,1993,-6.903121
Tunisia,TUN,1994,4.375927
Tunisia,TUN,1995,2.0621781
Tunisia,TUN,1996,-0.5357276
Tunisia,TUN,1997,0.57894576
Tunisia,TUN,1998,-0.9278939
Tunisia,TUN,1999,8.511064
Tunisia,TUN,2000,11.133847
Tunisia,TUN,2001,21.359398
Tunisia,TUN,2002,20.193836
Tunisia,TUN,2003,24.904728
Tunisia,TUN,2004,23.55841
Tunisia,TUN,2005,21.248068
Tunisia,TUN,2006,27.25102
Tunisia,TUN,2007,15.437965
Tunisia,TUN,2008,23.514421
Tunisia,TUN,2009,19.068419
Tunisia,TUN,2010,20.13278
Tunisia,TUN,2011,25.565584
Tunisia,TUN,2012,29.3822
Tunisia,TUN,2013,33.200005
Tunisia,TUN,2014,39.150723
Tunisia,TUN,2015,45.182606
Tunisia,TUN,2016,47.554806
Tunisia,TUN,2017,52.362137
Tunisia,TUN,2018,54.461075
Tunisia,TUN,2019,57.840137
Tunisia,TUN,2020,55.323616
Tunisia,TUN,2021,53.30719
Tunisia,TUN,2022,53.14003
Turkey,TUR,1990,54.00524
Turkey,TUR,1991,48.229237
Turkey,TUR,1992,50.82096
Turkey,TUR,1993,55.73146
Turkey,TUR,1994,56.17644
Turkey,TUR,1995,59.67897
Turkey,TUR,1996,60.94108
Turkey,TUR,1997,60.650406
Turkey,TUR,1998,60.647697
Turkey,TUR,1999,61.449516
Turkey,TUR,2000,66.411896
Turkey,TUR,2001,65.382774
Turkey,TUR,2002,68.80984
Turkey,TUR,2003,71.80146
Turkey,TUR,2004,71.99727
Turkey,TUR,2005,73.60482
Turkey,TUR,2006,74.197945
Turkey,TUR,2007,75.59779
Turkey,TUR,2008,73.67416
Turkey,TUR,2009,71.59938
Turkey,TUR,2010,71.81137
Turkey,TUR,2011,72.34553
Turkey,TUR,2012,76.50452
Turkey,TUR,2013,76.708206
Turkey,TUR,2014,78.733475
Turkey,TUR,2015,80.44432
Turkey,TUR,2016,77.28782
Turkey,TUR,2017,79.17251
Turkey,TUR,2018,75.83165
Turkey,TUR,2019,72.197365
Turkey,TUR,2020,71.333
Turkey,TUR,2021,72.12471
Turkey,TUR,2022,72.70413
Turkey,TUR,2023,71.70268
Turkmenistan,TKM,1990,-316.41788
Turkmenistan,TKM,1991,-387.73254
Turkmenistan,TKM,1992,-367.2958
Turkmenistan,TKM,1993,-444.96713
Turkmenistan,TKM,1994,-145.24571
Turkmenistan,TKM,1995,-138.32327
Turkmenistan,TKM,1996,-172.76752
Turkmenistan,TKM,1997,-63.125195
Turkmenistan,TKM,1998,-42.15704
Turkmenistan,TKM,1999,-75.291115
Turkmenistan,TKM,2000,-206.73
Turkmenistan,TKM,2001,-273.24832
Turkmenistan,TKM,2002,-374.6768
Turkmenistan,TKM,2003,-279.51172
Turkmenistan,TKM,2004,-215.21434
Turkmenistan,TKM,2005,-240.60094
Turkmenistan,TKM,2006,-224.48405
Turkmenistan,TKM,2007,-256.62885
Turkmenistan,TKM,2008,-198.58809
Turkmenistan,TKM,2009,-104.28149
Turkmenistan,TKM,2010,-105.87146
Turkmenistan,TKM,2011,-163.93411
Turkmenistan,TKM,2012,-174.89415
Turkmenistan,TKM,2013,-223.97447
Turkmenistan,TKM,2014,-239.45833
Turkmenistan,TKM,2015,-249.24806
Turkmenistan,TKM,2016,-236.06303
Turkmenistan,TKM,2017,-230.6738
Turkmenistan,TKM,2018,-246.80537
Turkmenistan,TKM,2019,-242.60681
Turkmenistan,TKM,2020,-228.30746
Turkmenistan,TKM,2021,-114.79953
Turkmenistan,TKM,2022,-109.777214
Uganda,UGA,1990,3.574737
Uganda,UGA,1991,3.5774276
Uganda,UGA,1992,3.4050322
Uganda,UGA,1993,3.3590178
Uganda,UGA,1994,2.9584448
Uganda,UGA,1995,3.800511
Uganda,UGA,1996,3.8715413
Uganda,UGA,1997,3.7904494
Uganda,UGA,1998,4.446713
Uganda,UGA,1999,4.5407963
Uganda,UGA,2000,4.9063597
Uganda,UGA,2001,4.9906
Uganda,UGA,2002,4.820869
Uganda,UGA,2003,4.8117447
Uganda,UGA,2004,4.808106
Uganda,UGA,2005,5.7920084
Uganda,UGA,2006,6.779479
Uganda,UGA,2007,8.125181
Uganda,UGA,2008,7.9447975
Uganda,UGA,2009,8.382506
Uganda,UGA,2010,8.880496
Uganda,UGA,2011,9.326708
Uganda,UGA,2012,9.061939
Uganda,UGA,2013,8.649679
Uganda,UGA,2014,8.90326
Uganda,UGA,2015,9.169312
Uganda,UGA,2016,22.048033
Uganda,UGA,2017,21.775114
Uganda,UGA,2018,22.122221
Uganda,UGA,2019,22.000515
Uganda,UGA,2020,24.099112
Uganda,UGA,2021,21.084564
Uganda,UGA,2022,20.489515
Ukraine,UKR,1990,47.98638
Ukraine,UKR,1991,53.698124
Ukraine,UKR,1992,50.906166
Ukraine,UKR,1993,46.43892
Ukraine,UKR,1994,45.533535
Ukraine,UKR,1995,50.246838
Ukraine,UKR,1996,51.08739
Ukraine,UKR,1997,48.12151
Ukraine,UKR,1998,45.208546
Ukraine,UKR,1999,44.28997
Ukraine,UKR,2000,43.071632
Ukraine,UKR,2001,43.282337
Ukraine,UKR,2002,43.63088
Ukraine,UKR,2003,46.55281
Ukraine,UKR,2004,45.327293
Ukraine,UKR,2005,42.352432
Ukraine,UKR,2006,41.505756
Ukraine,UKR,2007,40.997574
Ukraine,UKR,2008,42.52047
Ukraine,UKR,2009,36.167114
Ukraine,UKR,2010,31.652517
Ukraine,UKR,2011,37.68329
Ukraine,UKR,2012,31.426533
Ukraine,UKR,2013,27.032656
Ukraine,UKR,2014,25.961704
Ukraine,UKR,2015,32.31333
Ukraine,UKR,2016,30.2136
Ukraine,UKR,2017,37.07879
Ukraine,UKR,2018,34.5707
Ukraine,UKR,2019,36.781685
Ukraine,UKR,2020,34.05312
Ukraine,UKR,2021,34.91852
Ukraine,UKR,2022,25.200499
United Arab Emirates,ARE,1990,-395.23444
United Arab Emirates,ARE,1991,-388.9849
United Arab Emirates,ARE,1992,-443.58652
United Arab Emirates,ARE,1993,-404.2869
United Arab Emirates,ARE,1994,-360.28128
United Arab Emirates,ARE,1995,-345.73715
United Arab Emirates,ARE,1996,-332.8715
United Arab Emirates,ARE,1997,-333.1047
United Arab Emirates,ARE,1998,-333.75937
United Arab Emirates,ARE,1999,-307.2414
United Arab Emirates,ARE,2000,-362.4749
United Arab Emirates,ARE,2001,-237.17348
United Arab Emirates,ARE,2002,-227.23778
United Arab Emirates,ARE,2003,-262.6359
United Arab Emirates,ARE,2004,-282.90207
United Arab Emirates,ARE,2005,-271.87726
United Arab Emirates,ARE,2006,-275.29788
United Arab Emirates,ARE,2007,-239.14352
United Arab Emirates,ARE,2008,-189.03743
United Arab Emirates,ARE,2009,-151.9367
United Arab Emirates,ARE,2010,-174.85886
United Arab Emirates,ARE,2011,-203.92595
United Arab Emirates,ARE,2012,-204.39262
United Arab Emirates,ARE,2013,-197.72354
United Arab Emirates,ARE,2014,-153.2507
United Arab Emirates,ARE,2015,-144.95633
United Arab Emirates,ARE,2016,-138.13007
United Arab Emirates,ARE,2017,-163.56273
United Arab Emirates,ARE,2018,-159.7257
United Arab Emirates,ARE,2019,-157.25159
United Arab Emirates,ARE,2020,-166.6763
United Arab Emirates,ARE,2021,-148.7793
United Arab Emirates,ARE,2022,-171.48238
United Kingdom,GBR,1990,2.2985418
United Kingdom,GBR,1991,5.2191515
United Kingdom,GBR,1992,3.9884813
United Kingdom,GBR,1993,-0.018242056
United Kingdom,GBR,1994,-14.504904
United Kingdom,GBR,1995,-17.46125
United Kingdom,GBR,1996,-15.370134
United Kingdom,GBR,1997,-16.180302
United Kingdom,GBR,1998,-17.296337
United Kingdom,GBR,1999,-21.66591
United Kingdom,GBR,2000,-18.099045
United Kingdom,GBR,2001,-10.111062
United Kingdom,GBR,2002,-12.630994
United Kingdom,GBR,2003,-6.336666
United Kingdom,GBR,2004,4.774646
United Kingdom,GBR,2005,14.192445
United Kingdom,GBR,2006,22.497019
United Kingdom,GBR,2007,21.8227
United Kingdom,GBR,2008,28.165398
United Kingdom,GBR,2009,28.86628
United Kingdom,GBR,2010,30.846924
United Kingdom,GBR,2011,39.473362
United Kingdom,GBR,2012,46.005592
United Kingdom,GBR,2013,50.608334
United Kingdom,GBR,2014,49.743168
United Kingdom,GBR,2015,40.27757
United Kingdom,GBR,2016,37.95433
United Kingdom,GBR,2017,38.030464
United Kingdom,GBR,2018,38.167225
United Kingdom,GBR,2019,36.535698
United Kingdom,GBR,2020,28.486504
United Kingdom,GBR,2021,38.953064
United Kingdom,GBR,2022,39.50369
United Kingdom,GBR,2023,44.29678
United States,USA,1990,17.858738
United States,USA,1991,16.694893
United States,USA,1992,18.12523
United States,USA,1993,20.872723
United States,USA,1994,22.009048
United States,USA,1995,20.97102
United States,USA,1996,22.07038
United States,USA,1997,23.691868
United States,USA,1998,25.15116
United States,USA,1999,25.888035
United States,USA,2000,26.679146
United States,USA,2001,28.915968
United States,USA,2002,27.896307
United States,USA,2003,29.268583
United States,USA,2004,30.93535
United States,USA,2005,31.758493
United States,USA,2006,31.773794
United States,USA,2007,30.550728
United States,USA,2008,27.918413
United States,USA,2009,25.912003
United States,USA,2010,24.086807
United States,USA,2011,20.681467
United States,USA,2012,17.519794
United States,USA,2013,14.434314
United States,USA,2014,11.696751
United States,USA,2015,11.742966
United States,USA,2016,12.302867
United States,USA,2017,8.102772
United States,USA,2018,3.593321
United States,USA,2019,-0.89913976
United States,USA,2020,-3.96816
United States,USA,2021,-4.1932335
United States,USA,2022,-6.501101
United States,USA,2023,-8.351911
Upper-middle-income countries,,1990,-18.748915
Upper-middle-income countries,,1991,-15.988348
Upper-middle-income countries,,1992,-16.21544
Upper-middle-income countries,,1993,-16.892609
Upper-middle-income countries,,1994,-17.232904
Upper-middle-income countries,,1995,-16.425673
Upper-middle-income countries,,1996,-17.33539
Upper-middle-income countries,,1997,-17.965939
Upper-middle-income countries,,1998,-21.176569
Upper-middle-income countries,,1999,-22.384628
Upper-middle-income countries,,2000,-22.40216
Upper-middle-income countries,,2001,-22.860048
Upper-middle-income countries,,2002,-21.192217
Upper-middle-income countries,,2003,-19.250914
Upper-middle-income countries,,2004,-16.636473
Upper-middle-income countries,,2005,-16.571066
Upper-middle-income countries,,2006,-15.446777
Upper-middle-income countries,,2007,-13.632496
Upper-middle-income countries,,2008,-12.34035
Upper-middle-income countries,,2009,-9.945396
Upper-middle-income countries,,2010,-8.342511
Upper-middle-income countries,,2011,-6.171875
Upper-middle-income countries,,2012,-4.696969
Upper-middle-income countries,,2013,-2.9853215
Upper-middle-income countries,,2014,-1.6822804
Upper-middle-income countries,,2015,-2.0057423
Upper-middle-income countries,,2016,-2.700511
Upper-middle-income countries,,2017,-2.0422487
Upper-middle-income countries,,2018,-0.5115246
Upper-middle-income countries,,2019,1.3506318
Upper-middle-income countries,,2020,3.5873232
Upper-middle-income countries,,2021,3.883666
Upper-middle-income countries,,2022,2.6320262
Upper-middle-income countries,,2023,6.205523
Uruguay,URY,1990,52.267395
Uruguay,URY,1991,64.17506
Uruguay,URY,1992,62.628975
Uruguay,URY,1993,54.57741
Uruguay,URY,1994,63.80152
Uruguay,URY,1995,79.35885
Uruguay,URY,1996,74.049644
Uruguay,URY,1997,73.24825
Uruguay,URY,1998,66.27176
Uruguay,URY,1999,81.68887
Uruguay,URY,2000,74.34551
Uruguay,URY,2001,67.960365
Uruguay,URY,2002,54.775856
Uruguay,URY,2003,71.97336
Uruguay,URY,2004,85.53108
Uruguay,URY,2005,73.39286
Uruguay,URY,2006,84.23853
Uruguay,URY,2007,67.38643
Uruguay,URY,2008,72.40308
Uruguay,URY,2009,75.050316
Uruguay,URY,2010,62.735218
Uruguay,URY,2011,64.447426
Uruguay,URY,2012,72.068375
Uruguay,URY,2013,55.385593
Uruguay,URY,2014,49.83731
Uruguay,URY,2015,48.12895
Uruguay,URY,2016,44.32439
Uruguay,URY,2017,39.29094
Uruguay,URY,2018,43.92157
Uruguay,URY,2019,38.90907
Uruguay,URY,2020,44.751995
Uruguay,URY,2021,41.97788
Uruguay,URY,2022,46.206894
Uzbekistan,UZB,1990,18.447636
Uzbekistan,UZB,1991,18.560308
Uzbekistan,UZB,1992,9.955571
Uzbekistan,UZB,1993,8.839857
Uzbekistan,UZB,1994,0.24887922
Uzbekistan,UZB,1995,-9.329986
Uzbekistan,UZB,1996,-11.138707
Uzbekistan,UZB,1997,-15.428522
Uzbekistan,UZB,1998,-9.929522
Uzbekistan,UZB,1999,-8.533023
Uzbekistan,UZB,2000,-9.135462
Uzbekistan,UZB,2001,-8.972412
Uzbekistan,UZB,2002,-6.1636004
Uzbekistan,UZB,2003,-10.307004
Uzbekistan,UZB,2004,-14.336596
Uzbekistan,UZB,2005,-19.532871
Uzbekistan,UZB,2006,-20.65655
Uzbekistan,UZB,2007,-23.100342
Uzbekistan,UZB,2008,-23.499186
Uzbekistan,UZB,2009,-30.140066
Uzbekistan,UZB,2010,-20.08515
Uzbekistan,UZB,2011,-13.138749
Uzbekistan,UZB,2012,-25.594654
Uzbekistan,UZB,2013,-20.738619
Uzbekistan,UZB,2014,-18.504602
Uzbekistan,UZB,2015,-21.651598
Uzbekistan,UZB,2016,-19.250294
Uzbekistan,UZB,2017,-15.470892
Uzbekistan,UZB,2018,-25.341537
Uzbekistan,UZB,2019,-19.679857
Uzbekistan,UZB,2020,1.0193149
Uzbekistan,UZB,2021,0.72105294
Uzbekistan,UZB,2022,1.5475895
Venezuela,VEN,1990,-257.3289
Venezuela,VEN,1996,-322.43512
Venezuela,VEN,1998,-331.61118
Venezuela,VEN,1999,-262.2501
Venezuela,VEN,2000,-270.15945
Venezuela,VEN,2001,-304.79376
Venezuela,VEN,2002,-208.93848
Venezuela,VEN,2003,-212.92982
Venezuela,VEN,2004,-257.81143
Venezuela,VEN,2005,-261.5327
Venezuela,VEN,2006,-245.82584
Venezuela,VEN,2007,-230.35722
Venezuela,VEN,2008,-237.60457
Venezuela,VEN,2009,-220.7449
Venezuela,VEN,2010,-166.82027
Venezuela,VEN,2011,-200.44193
Venezuela,VEN,2012,-189.70844
Venezuela,VEN,2013,-160.45088
Venezuela,VEN,2014,-190.94257
Venezuela,VEN,2015,-186.84589
Venezuela,VEN,2016,-188.12413
Venezuela,VEN,2017,-170.10468
Venezuela,VEN,2018,-176.9847
Venezuela,VEN,2019,-114.74842
Venezuela,VEN,2020,-86.895775
Venezuela,VEN,2021,-74.67374
Venezuela,VEN,2022,-73.90847
Vietnam,VNM,1990,-0.93929785
Vietnam,VNM,1991,-11.116283
Vietnam,VNM,1992,-17.279716
Vietnam,VNM,1993,-14.065189
Vietnam,VNM,1994,-17.529814
Vietnam,VNM,1995,-21.530594
Vietnam,VNM,1996,-23.759197
Vietnam,VNM,1997,-24.626984
Vietnam,VNM,1998,-29.349583
Vietnam,VNM,1999,-36.771812
Vietnam,VNM,2000,-33.988205
Vietnam,VNM,2001,-35.8795
Vietnam,VNM,2002,-32.277264
Vietnam,VNM,2003,-29.245663
Vietnam,VNM,2004,-41.12353
Vietnam,VNM,2005,-41.563198
Vietnam,VNM,2006,-51.522774
Vietnam,VNM,2007,-42.310352
Vietnam,VNM,2008,-21.803982
Vietnam,VNM,2009,-26.047106
Vietnam,VNM,2010,-12.627071
Vietnam,VNM,2011,-9.67987
Vietnam,VNM,2012,-11.527556
Vietnam,VNM,2013,-7.9665985
Vietnam,VNM,2014,-0.4230155
Vietnam,VNM,2015,8.250979
Vietnam,VNM,2016,16.016125
Vietnam,VNM,2017,18.927803
Vietnam,VNM,2018,26.85301
Vietnam,VNM,2019,39.207047
Vietnam,VNM,2020,46.425285
Vietnam,VNM,2021,33.97497
Vietnam,VNM,2022,33.999195
World,OWID_WRL,1990,-0.53601754
World,OWID_WRL,1991,0.86283875
World,OWID_WRL,1992,0.79646796
World,OWID_WRL,1993,1.2156268
World,OWID_WRL,1994,0.83307606
World,OWID_WRL,1995,0.6958082
World,OWID_WRL,1996,-0.7580199
World,OWID_WRL,1997,1.1596104
World,OWID_WRL,1998,-1.245086
World,OWID_WRL,1999,-0.5061639
World,OWID_WRL,2000,-0.6745696
World,OWID_WRL,2001,-0.45400143
World,OWID_WRL,2002,0.06791953
World,OWID_WRL,2003,0.2352047
World,OWID_WRL,2004,-0.44336683
World,OWID_WRL,2005,0.056034263
World,OWID_WRL,2006,0.6948885
World,OWID_WRL,2007,0.82669085
World,OWID_WRL,2008,0.7595927
World,OWID_WRL,2009,-0.07222792
World,OWID_WRL,2010,0.1260295
World,OWID_WRL,2011,-0.4185816
World,OWID_WRL,2012,-0.7244393
World,OWID_WRL,2013,-0.716091
World,OWID_WRL,2014,-0.4529172
World,OWID_WRL,2015,-0.80194247
World,OWID_WRL,2016,-0.9993392
World,OWID_WRL,2017,-0.68779737
World,OWID_WRL,2018,-1.117088
World,OWID_WRL,2019,-0.9185946
World,OWID_WRL,2020,-0.90631825
World,OWID_WRL,2021,0.04184768
World,OWID_WRL,2022,-0.47338513
World,OWID_WRL,2023,10.532324
Yemen,YEM,1990,-255.44363
Yemen,YEM,1991,-226.46484
Yemen,YEM,1992,-152.95119
Yemen,YEM,1993,-271.9732
Yemen,YEM,1994,-454.92587
Yemen,YEM,1995,-400.2097
Yemen,YEM,1996,-395.2048
Yemen,YEM,1997,-387.98782
Yemen,YEM,1998,-365.35846
Yemen,YEM,1999,-337.7876
Yemen,YEM,2000,-359.59302
Yemen,YEM,2001,-314.78302
Yemen,YEM,2002,-323.25693
Yemen,YEM,2003,-272.33585
Yemen,YEM,2004,-214.69052
Yemen,YEM,2005,-191.6446
Yemen,YEM,2006,-140.01694
Yemen,YEM,2007,-135.32724
Yemen,YEM,2008,-100.12077
Yemen,YEM,2009,-84.0896
Yemen,YEM,2010,-141.85452
Yemen,YEM,2011,-174.85327
Yemen,YEM,2012,-144.9363
Yemen,YEM,2013,-117.47776
Yemen,YEM,2014,-104.494514
Yemen,YEM,2015,-8.0342655
Yemen,YEM,2016,47.963455
Yemen,YEM,2017,-15.543007
Yemen,YEM,2018,-26.158241
Yemen,YEM,2019,-27.726805
Yemen,YEM,2020,-34.794945
Yemen,YEM,2021,-31.195463
Yemen,YEM,2022,-11.046664
Zambia,ZMB,1990,10.794764
Zambia,ZMB,1991,7.4035945
Zambia,ZMB,1992,10.496034
Zambia,ZMB,1993,7.284279
Zambia,ZMB,1994,7.6056643
Zambia,ZMB,1995,8.170526
Zambia,ZMB,1996,8.787493
Zambia,ZMB,1997,6.612468
Zambia,ZMB,1998,8.74871
Zambia,ZMB,1999,6.4028096
Zambia,ZMB,2000,6.7636275
Zambia,ZMB,2001,6.877839
Zambia,ZMB,2002,7.789009
Zambia,ZMB,2003,8.595627
Zambia,ZMB,2004,9.325113
Zambia,ZMB,2005,9.3884
Zambia,ZMB,2006,8.927874
Zambia,ZMB,2007,8.565692
Zambia,ZMB,2008,10.393538
Zambia,ZMB,2009,9.78868
Zambia,ZMB,2010,9.937689
Zambia,ZMB,2011,10.889454
Zambia,ZMB,2012,10.956036
Zambia,ZMB,2013,10.746531
Zambia,ZMB,2014,10.121311
Zambia,ZMB,2015,12.865234
Zambia,ZMB,2016,12.933613
Zambia,ZMB,2017,10.879017
Zambia,ZMB,2018,9.335838
Zambia,ZMB,2019,11.17534
Zambia,ZMB,2020,9.007172
Zambia,ZMB,2021,9.736
Zambia,ZMB,2022,9.030019
Zimbabwe,ZWE,1990,8.8892145
Zimbabwe,ZWE,1991,10.408645
Zimbabwe,ZWE,1992,12.114919
Zimbabwe,ZWE,1993,12.846735
Zimbabwe,ZWE,1994,14.139799
Zimbabwe,ZWE,1995,16.693401
Zimbabwe,ZWE,1996,17.358541
Zimbabwe,ZWE,1997,18.562124
Zimbabwe,ZWE,1998,18.538387
Zimbabwe,ZWE,1999,16.865692
Zimbabwe,ZWE,2000,20.97756
Zimbabwe,ZWE,2001,19.596758
Zimbabwe,ZWE,2002,18.500645
Zimbabwe,ZWE,2003,15.746639
Zimbabwe,ZWE,2004,12.468401
Zimbabwe,ZWE,2005,14.298947
Zimbabwe,ZWE,2006,14.550008
Zimbabwe,ZWE,2007,13.496064
Zimbabwe,ZWE,2008,10.978807
Zimbabwe,ZWE,2009,10.351034
Zimbabwe,ZWE,2010,10.591566
Zimbabwe,ZWE,2011,18.291796
Zimbabwe,ZWE,2012,19.245346
Zimbabwe,ZWE,2013,20.563965
Zimbabwe,ZWE,2014,18.158579
Zimbabwe,ZWE,2015,18.295155
Zimbabwe,ZWE,2016,20.515526
Zimbabwe,ZWE,2017,22.227173
Zimbabwe,ZWE,2018,23.86866
Zimbabwe,ZWE,2019,21.200163
Zimbabwe,ZWE,2020,17.352024
Zimbabwe,ZWE,2021,9.32258
Zimbabwe,ZWE,2022,16.975714